new_index,ancestry,sum_bsc_lklhood,gen_bsc_lklhood,gen_pop,con_bsc_anc,pop_bsc,bsc_lvlhood_ratio
종로구소계,4215,5559,3615,4221,419,593,0.07666845959700443
종로구사직동,112,125,105,117,7,8,0.02735229759299781
종로구삼청동,38,45,29,31,5,10,0.03992901508429459
종로구부암동,135,174,117,144,13,25,0.04215116279069767
종로구평창동,107,144,91,112,13,29,0.019975031210986267
종로구무악동,154,206,140,180,7,14,0.06843853820598006
종로구교남동,172,215,153,190,14,20,0.04914285714285714
종로구가회동,61,77,51,66,6,7,0.03981385729058945
종로구종로1.2.3.4가동,771,786,638,650,96,98,0.15904492108458115
종로구종로5.6가동,276,319,235,257,31,49,0.08809721071527202
종로구이화동,228,288,206,260,12,18,0.06743151486771248
종로구창신1동,430,501,366,424,50,63,0.18666169895678092
종로구창신2동,407,491,350,414,38,57,0.12287287287287288
종로구창신3동,175,247,152,209,18,33,0.08897694524495678
종로구숭인1동,240,296,203,243,19,34,0.09952925353059852
종로구숭인2동,440,475,370,391,46,59,0.07229832572298325
종로구청운효자동,162,229,148,204,11,22,0.044761532447224396
종로구혜화동,295,380,249,318,33,47,0.041286397218600605
종로구기타,12,561,12,11,-,-,
중구소계,4732,5905,4209,5121,439,577,0.09172815533980583
중구소공동,49,49,38,38,9,9,0.03910614525139665
중구회현동,443,463,388,406,47,49,0.1822117276662731
중구명동,81,93,68,78,12,14,0.06476323119777158
중구필동,94,103,80,88,11,12,0.04183590576766856
중구장충동,126,157,106,136,14,15,0.05460869565217391
중구광희동,195,232,167,199,23,28,0.06025974025974026
중구을지로동,146,148,131,133,15,15,0.07769028871391076
중구신당5동,397,511,364,474,31,35,0.09592641261498029
중구황학동,439,536,387,472,44,55,0.07206238236084969
중구중림동,515,622,442,522,62,87,0.10840013942140118
중구신당동,366,440,335,402,28,35,0.09259259259259259
중구다산동,386,507,332,434,48,65,0.0741119719339278
중구약수동,734,944,681,856,44,75,0.12136796091540242
중구청구동,601,769,542,683,39,64,0.1241724527692556
중구동화동,158,217,146,198,12,19,0.05444054189663823
중구기타,2,114,2,2,-,-,
용산구소계,6691,8882,5585,7078,872,1280,0.08098177408619699
용산구후암동,649,907,552,752,86,140,0.10954106280193236
용산구용산2가동,428,605,348,474,59,105,0.11879049676025918
용산구남영동,1305,1375,1020,1073,245,257,0.2778900565885206
용산구원효로2동,342,457,297,385,34,59,0.07369779067892275
용산구효창동,89,132,78,113,7,9,0.027848101265822784
용산구용문동,339,441,300,379,29,50,0.0830821401657875
용산구이촌1동,48,68,44,60,3,7,0.007429258166721293
용산구이촌2동,122,174,105,146,16,27,0.048360200111172875
용산구이태원1동,201,254,168,214,27,34,0.07315668202764977
용산구이태원2동,199,276,169,226,21,40,0.05719021964359718
용산구서빙고동,230,326,196,267,27,50,0.06389651117208937
용산구보광동,781,1086,654,881,99,174,0.15581061692969872
용산구청파동,862,1136,723,939,97,151,0.10201149425287356
용산구원효로1동,299,388,248,321,37,52,0.0415996569100461
용산구한강로동,330,410,291,356,32,46,0.03617115130127922
용산구한남동,466,595,391,491,53,79,0.058390578999018644
용산구기타,1,252,1,1,-,-,
성동구소계,7607,10241,6139,7782,1303,2122,0.07672080548979653
성동구왕십리2동,402,549,334,433,60,106,0.07455187398153178
성동구마장동,574,838,459,614,86,181,0.07669778509976204
성동구사근동,194,258,158,196,30,55,0.031166948538294274
성동구행당1동,320,423,260,337,55,81,0.06543935643564357
성동구행당2동,620,861,522,704,88,146,0.09300064808813999
성동구응봉동,171,230,157,204,12,24,0.038681466532122434
성동구금호1가동,595,772,500,607,80,145,0.11784460387727065
성동구금호4가동,350,442,296,354,52,85,0.0688580775821779
성동구성수1가1동,382,515,306,388,67,116,0.06907188841201717
성동구성수1가2동,206,268,171,219,34,48,0.044801069876295556
성동구성수2가1동,640,818,515,627,120,185,0.10565745285455955
성동구성수2가3동,214,250,154,178,57,69,0.047160913035276364
성동구송정동,566,736,427,548,129,178,0.13571823713811543
성동구용답동,728,918,533,649,172,246,0.12205823693657758
성동구왕십리도선동,717,921,597,729,107,177,0.07534358638743456
성동구금호2.3가동,546,769,429,565,110,192,0.07781825541388383
성동구옥수동,375,532,314,423,44,88,0.049502186656741415
성동구기타,7,141,7,7,-,-,
광진구소계,9659,13261,8300,11029,1261,2030,0.07807155430744685
광진구화양동,616,730,561,660,52,65,0.0400087690452702
광진구군자동,714,921,644,825,64,87,0.08088170720997628
광진구중곡1동,700,989,591,815,101,162,0.11450735208984601
광진구중곡2동,649,935,549,764,94,164,0.08766172885805362
광진구중곡3동,833,1204,730,1026,99,173,0.1407035175879397
광진구중곡4동,1085,1534,909,1228,159,282,0.11695638914303141
광진구능동,274,383,224,299,47,78,0.05927874941959449
광진구구의1동,706,976,615,826,88,146,0.07410782080485953
광진구구의2동,776,1132,655,945,117,183,0.09831509466736148
광진구구의3동,401,553,335,449,65,102,0.04576299238662695
광진구광장동,202,271,185,246,12,18,0.022907861369399832
광진구자양1동,941,1294,796,1061,127,212,0.10717243664071559
광진구자양2동,633,883,528,699,100,177,0.08148011442281074
광진구자양3동,280,381,240,331,37,47,0.03462062698773285
광진구자양4동,848,1001,737,854,99,134,0.09743989097634576
광진구기타,1,74,1,1,-,-,
동대문구소계,12527,16190,10877,13658,1196,1800,0.09429072293436923
동대문구회기동,288,364,256,323,26,31,0.054198927933293624
동대문구휘경1동,302,386,258,325,39,55,0.049512570548999484
동대문구휘경2동,527,703,466,610,44,75,0.05501212927459113
동대문구청량리동,1481,1741,1315,1521,123,170,0.17259839397243978
동대문구용신동,1442,1680,1244,1425,157,202,0.07990867579908675
동대문구제기동,1307,1577,1138,1350,120,165,0.11729267385645221
동대문구전농1동,1479,1837,1262,1526,140,213,0.12393739036567265
동대문구전농2동,593,805,513,681,46,78,0.10627062706270628
동대문구답십리2동,1006,1313,900,1149,66,114,0.10491410307630843
동대문구장안1동,1170,1620,1021,1398,119,187,0.08808656408025664
동대문구장안2동,956,1366,809,1140,120,190,0.09573871600784974
동대문구이문1동,575,743,489,629,66,93,0.06925156118930002
동대문구이문2동,726,1009,643,868,48,96,0.11613720073664825
동대문구답십리1동,656,866,549,701,77,131,0.06729872552067143
동대문구기타,19,180,14,12,5,-,
중랑구소계,19240,27154,17123,23100,1933,3259,0.14445076896069284
중랑구면목2동,1300,1715,1168,1510,118,188,0.14012582727347006
중랑구면목4동,1282,1807,1132,1533,140,263,0.2019897160742231
중랑구면목5동,535,813,474,707,56,99,0.1262618419009163
중랑구면목7동,902,1137,790,978,105,152,0.10716305372290293
중랑구상봉1동,1165,1714,1019,1434,137,266,0.16925051841611533
중랑구상봉2동,873,1103,769,972,89,114,0.08910971077718532
중랑구중화1동,762,1105,656,911,99,186,0.12329837089935282
중랑구중화2동,1932,2511,1680,2134,240,363,0.18470025744759103
중랑구묵1동,873,1265,780,1110,86,147,0.0845305713331106
중랑구묵2동,829,1100,726,942,97,148,0.11867515373826734
중랑구망우3동,1411,1921,1239,1646,142,240,0.23355623100303952
중랑구신내1동,1258,2097,1164,1892,86,194,0.14017379679144384
중랑구신내2동,1049,1440,979,1299,64,132,0.16096579476861167
중랑구면목본동,1891,2540,1713,2266,158,251,0.14297776526878694
중랑구면목3.8동,1438,1970,1276,1717,143,232,0.1534746026799626
중랑구망우본동,1739,2343,1557,2048,173,284,0.13223093854054968
중랑구기타,1,573,1,1,-,-,
성북구소계,11964,16740,9744,12581,1986,3496,0.08461767872578109
성북구돈암1동,463,621,392,507,63,106,0.10247524752475247
성북구돈암2동,279,372,238,303,33,58,0.043615898698557864
성북구안암동,359,482,296,373,53,97,0.048672119559729374
성북구보문동,380,486,318,396,54,82,0.05959534028203556
성북구정릉1동,315,423,260,324,53,97,0.05762942779291553
성북구정릉2동,525,758,425,575,94,177,0.07612734759465703
성북구정릉3동,569,755,483,606,77,140,0.09127176015473888
성북구정릉4동,617,850,527,685,84,159,0.07873286402371249
성북구길음1동,454,592,384,483,51,88,0.047523480773862085
성북구길음2동,400,516,339,414,53,92,0.05887050770108385
성북구월곡1동,764,1018,599,748,142,242,0.09397212221914521
성북구월곡2동,606,748,510,618,85,118,0.07689144736842106
성북구장위1동,1245,2013,924,1383,303,609,0.18848314606741573
성북구장위2동,754,1076,599,794,140,260,0.1623415811707906
성북구장위3동,395,593,331,471,55,111,0.09089515634580013
성북구성북동,305,416,252,322,50,89,0.051055473735886106
성북구삼선동,674,865,563,698,94,148,0.07507377191459816
성북구동선동,380,458,296,361,74,89,0.04765373010092602
성북구종암동,1081,1401,872,1056,186,323,0.08164335664335665
성북구석관동,1388,1886,1126,1454,241,410,0.11250969396885999
성북구기타,11,411,10,10,1,1,
강북구소계,15882,21917,13213,17379,2267,3750,0.1517303924622872
강북구번1동,989,1223,827,1013,144,187,0.11775466974773734
강북구번2동,1299,1886,1045,1429,206,384,0.25257800991027185
강북구번3동,1915,2857,1648,2329,209,442,0.3738060970822975
강북구수유1동,1123,1536,939,1240,159,265,0.14692940501243543
강북구수유2동,984,1372,830,1115,133,230,0.1391198539849929
강북구수유3동,1334,1718,1094,1392,229,312,0.12752375296912113
강북구삼양동,1251,1735,984,1312,223,369,0.15910132966529114
강북구미아동,1037,1280,857,1038,150,205,0.10936431989063568
강북구송중동,1171,1503,977,1224,156,228,0.10768018340736495
강북구송천동,1480,1887,1262,1568,195,288,0.1427922814982974
강북구삼각산동,1015,1319,869,1092,121,199,0.11438730378978407
강북구우이동,827,1220,691,972,120,230,0.12721584984358708
강북구인수동,1454,2118,1187,1653,222,411,0.1485273492286115
강북구기타,3,263,3,2,-,-,
도봉구소계,10867,15373,9228,12363,1532,2599,0.11124699684487799
도봉구쌍문1동,914,1275,774,1028,131,234,0.13494919559695173
도봉구쌍문2동,757,1060,627,840,122,211,0.12428186188298745
도봉구쌍문3동,712,939,616,800,88,131,0.11427528294998175
도봉구쌍문4동,239,360,220,323,17,35,0.050761421319796954
도봉구방학1동,1360,1868,1123,1501,226,355,0.14449257425742573
도봉구방학2동,1636,2454,1338,1896,282,538,0.2660162601626016
도봉구방학3동,268,408,252,382,16,26,0.04111659780308374
도봉구창1동,467,613,422,537,43,74,0.05580336822940373
도봉구창2동,885,1291,731,1022,140,247,0.10272119669000637
도봉구창3동,819,1153,685,946,128,201,0.17889837083010085
도봉구창4동,268,351,234,298,32,50,0.03322605073835668
도봉구창5동,445,627,382,524,59,97,0.06096849474912486
도봉구도봉1동,1214,1603,1048,1329,155,262,0.15623781676413256
도봉구도봉2동,872,1079,766,928,93,138,0.09206484641638225
도봉구기타,11,292,10,9,-,-,
노원구소계,22755,32553,18720,25042,3852,6619,0.14942301866353314
노원구월계1동,718,892,569,698,142,186,0.08868562338437065
노원구월계2동,2359,3136,2007,2567,332,543,0.2661235573659199
노원구월계3동,1509,2079,1251,1603,251,470,0.161400512382579
노원구공릉2동,700,965,562,763,134,198,0.05425310620115815
노원구하계1동,2198,2904,1812,2280,368,601,0.2332155477031802
노원구하계2동,818,1241,698,1008,115,225,0.1519157791651365
노원구중계본동,384,616,295,461,87,152,0.07547169811320754
노원구중계1동,527,787,428,603,94,178,0.08821880955049882
노원구중계4동,1405,1832,1204,1506,192,316,0.22254616132167152
노원구상계1동,1336,1908,1086,1507,239,390,0.12233121754183497
노원구상계2동,770,1038,602,805,158,222,0.12058550185873607
노원구상계5동,1396,2059,1030,1451,348,588,0.1881224303334856
노원구상계8동,207,353,188,301,19,52,0.0387443749314016
노원구상계9동,328,528,283,441,42,83,0.06328658755843222
노원구상계10동,264,437,216,346,46,89,0.0572289156626506
노원구상계3.4동,1951,2610,1576,2009,361,584,0.22474812709894085
노원구상계6.7동,626,1077,511,853,105,210,0.0774374460742019
노원구중계2.3동,3325,4920,2735,3763,567,1127,0.3271276595744681
노원구공릉1동,1879,2447,1612,2022,252,405,0.13148138197839987
노원구기타,55,724,55,55,-,-,
은평구소계,16753,25438,13963,19192,2490,4259,0.11896533178691185
은평구녹번동,1307,1749,1098,1431,192,299,0.09904298091624668
은평구불광1동,1387,1849,1137,1461,207,327,0.10413967896367221
은평구갈현1동,1261,1799,991,1356,254,424,0.23910154173312068
은평구갈현2동,976,1456,776,1109,186,329,0.11577608142493638
은평구구산동,1055,1536,926,1289,117,230,0.11356746765249538
은평구대조동,1172,1595,984,1322,175,260,0.10487211519495036
은평구응암1동,783,1155,660,957,111,184,0.07645968489341984
은평구응암2동,790,1081,679,911,90,147,0.09636298805491175
은평구신사1동,756,1099,621,862,117,212,0.09120331950207469
은평구신사2동,719,1119,596,881,109,222,0.1276814240073026
은평구증산동,458,680,377,545,78,129,0.08476689104961356
은평구수색동,438,574,387,487,46,82,0.10224438902743142
은평구진관동,987,1592,853,1331,117,240,0.07439252336448599
은평구불광2동,1632,2234,1356,1784,243,409,0.1585409126392733
은평구응암3동,1361,1914,1129,1531,188,327,0.1525585844093735
은평구역촌동,1641,2368,1364,1907,259,437,0.1140215716486903
은평구기타,30,1638,29,28,1,1,
서대문구소계,8525,11834,7386,9552,1043,1695,0.08037982421583144
서대문구천연동,646,754,566,655,72,90,0.09849771391247551
서대문구홍제1동,576,787,494,653,74,126,0.07117019352504973
서대문구홍제3동,550,752,477,641,62,98,0.09376558603491272
서대문구홍제2동,448,599,398,517,46,78,0.10368703479314523
서대문구홍은1동,600,779,537,684,59,91,0.07975020475020475
서대문구홍은2동,838,1229,698,977,137,246,0.0928949357520786
서대문구남가좌1동,213,287,184,232,26,49,0.04654557249432371
서대문구남가좌2동,1026,1330,882,1112,124,192,0.099379810206979
서대문구북가좌1동,352,544,315,463,31,73,0.07968360919876959
서대문구북가좌2동,1081,1521,934,1259,136,251,0.10427092616713513
서대문구충현동,562,718,484,617,69,90,0.07113841276131973
서대문구북아현동,484,595,418,504,63,88,0.08385005636978579
서대문구신촌동,470,534,414,462,54,69,0.03589674643721431
서대문구연희동,672,929,578,770,90,154,0.049705724986623866
서대문구기타,7,476,7,6,-,-,
마포구소계,7888,10969,6389,8358,1335,2194,0.06056974991303003
마포구용강동,329,431,286,361,40,65,0.0464539771502479
마포구대흥동,423,483,342,388,71,85,0.05503019254870685
마포구염리동,326,405,261,320,58,77,0.05190976672648039
마포구신수동,305,410,230,306,70,95,0.04096722621902478
마포구서교동,334,418,244,301,80,106,0.027266797129810828
마포구합정동,456,566,380,455,70,103,0.06118918918918919
마포구망원1동,538,722,409,510,120,202,0.07081902893575281
마포구망원2동,380,529,323,435,48,84,0.06308884913536077
마포구연남동,225,271,170,204,54,66,0.03213946869070209
마포구성산1동,425,584,332,437,76,125,0.06179240292032589
마포구성산2동,1479,2194,1207,1667,242,477,0.1123399897593446
마포구상암동,677,1219,537,909,131,300,0.09577309868007543
마포구도화동,407,503,356,430,46,66,0.05402792696025779
마포구서강동,287,346,235,274,48,68,0.028446929211543206
마포구공덕동,908,1151,768,945,117,178,0.061633199464524765
마포구아현동,382,524,302,409,64,97,0.04447084783162183
마포구기타,7,213,7,7,-,-,
양천구소계,12368,17463,10758,14660,1486,2390,0.09636885381601457
양천구목1동,257,345,243,323,14,22,0.03337525394214956
양천구목2동,767,1119,666,959,95,150,0.08378884312991389
양천구목3동,734,1094,636,934,95,157,0.10848869496231654
양천구목4동,658,997,571,856,82,136,0.09942161946549662
양천구신월1동,1342,1804,1151,1506,178,282,0.1769494850416871
양천구신월2동,548,785,491,669,51,109,0.09029215550954682
양천구신월3동,1171,1516,1034,1320,129,186,0.19448364336112892
양천구신월4동,298,414,265,357,29,52,0.060376257838704976
양천구신월5동,555,767,486,663,66,101,0.11967545638945233
양천구신월6동,186,268,170,238,11,21,0.04979561501300632
양천구신월7동,776,1072,669,892,100,173,0.11936309987751921
양천구신정1동,192,263,167,225,25,38,0.03766828988828416
양천구신정2동,548,711,485,616,58,90,0.10364431486880467
양천구신정3동,1531,2380,1297,1985,216,372,0.12019594969951013
양천구신정6동,43,77,42,73,1,4,0.009423571166319911
양천구신정7동,1405,1781,1240,1540,131,197,0.15505833188229148
양천구목5동,36,49,35,48,-,-,0.0036621823617339314
양천구신정4동,1315,1758,1104,1451,205,300,0.10711021751050996
양천구기타,6,263,6,5,-,-,
강서구소계,22315,31000,19156,25224,2595,4567,0.11292396574396858
강서구염창동,179,233,163,206,16,27,0.01408535848144118
강서구등촌1동,237,309,205,267,26,36,0.021811251499964705
강서구등촌2동,304,432,256,343,43,84,0.05046728971962617
강서구등촌3동,4199,5507,3577,4471,456,806,0.36479862215156333
강서구화곡본동,1291,1904,1095,1584,175,298,0.1089930734443872
강서구화곡2동,612,935,507,764,102,168,0.11347087378640777
강서구화곡3동,500,677,426,560,63,105,0.0695000513294323
강서구화곡4동,844,1228,703,989,124,217,0.12680710450227178
강서구화곡6동,761,1019,625,820,109,167,0.07761444131312362
강서구화곡8동,782,1145,670,954,101,179,0.09691070672873466
강서구가양1동,228,307,201,262,24,42,0.014686887049705784
강서구가양2동,2624,3330,2376,2867,206,410,0.413818814465018
강서구가양3동,1785,2312,1558,1935,174,309,0.29736334405144693
강서구발산1동,928,1546,763,1214,145,300,0.11403702884118905
강서구공항동,1107,1771,912,1416,164,312,0.1274375764553501
강서구방화1동,830,1210,724,1024,93,169,0.06972857719126375
강서구방화2동,1314,1698,1148,1416,128,235,0.14038859032658124
강서구방화3동,1771,2276,1526,1891,199,328,0.20216734766388347
강서구화곡1동,1507,1971,1281,1649,185,269,0.06930867149588579
강서구우장산동,497,694,426,578,61,106,0.04142047150104446
강서구기타,15,496,14,14,1,-,
구로구소계,9698,13861,8149,10789,1042,1933,0.07510864499907882
구로구신도림동,147,188,128,155,14,27,0.013442974615659636
구로구구로1동,65,100,58,85,5,11,0.011967448539971278
구로구구로3동,378,492,322,418,35,48,0.03604395604395604
구로구구로4동,769,957,619,737,100,160,0.09143020922900545
구로구구로5동,415,496,358,414,41,63,0.031602421153233515
구로구고척1동,479,667,392,523,61,113,0.0579496090356212
구로구고척2동,854,1176,724,957,85,163,0.10249259194701063
구로구개봉2동,602,811,497,629,72,144,0.06496835696547304
구로구개봉3동,469,658,406,552,43,78,0.0750456204379562
구로구오류1동,828,1099,708,899,77,139,0.08665142316486636
구로구수궁동,645,931,531,718,79,166,0.09347389558232931
구로구가리봉동,555,643,478,551,54,70,0.10436617432235026
구로구구로2동,922,1128,801,962,82,121,0.09192404856979872
구로구개봉1동,1157,1645,985,1352,134,243,0.10976179355441383
구로구오류2동,1075,1774,868,1356,120,288,0.11217908182622992
구로구항동,320,598,257,462,39,99,0.09519261381725565
구로구기타,18,498,17,19,1,-,
금천구소계,9271,12625,7461,9569,1753,2667,0.1047040090232049
금천구가산동,693,801,532,598,156,197,0.044641364320347765
금천구독산1동,1307,1765,1085,1433,215,326,0.07066784112748238
금천구독산2동,992,1329,825,1091,162,233,0.14084357778719797
금천구독산3동,878,1102,684,840,187,255,0.08515570666872731
금천구독산4동,687,919,515,652,166,256,0.1202722156785761
금천구시흥1동,1245,1627,966,1238,267,377,0.09951679001773808
금천구시흥2동,963,1295,779,1013,180,278,0.15670377541142305
금천구시흥3동,299,414,253,345,41,63,0.0888030888030888
금천구시흥4동,923,1275,748,983,169,283,0.13961892247043364
금천구시흥5동,1279,1768,1069,1369,210,399,0.1914663201212909
금천구기타,5,330,5,7,-,-,
영등포구소계,9361,11828,7553,8923,1658,2226,0.06209510609926397
영등포구여의동,96,135,84,111,12,24,0.010101010101010102
영등포구당산1동,480,569,377,435,97,128,0.04951270449008006
영등포구당산2동,233,294,183,233,46,55,0.01554239796997251
영등포구양평1동,243,314,201,252,40,60,0.03165960879209518
영등포구양평2동,237,278,184,206,47,66,0.02523372969047835
영등포구신길1동,781,953,609,744,145,177,0.08209148074769575
영등포구신길3동,627,811,516,631,95,158,0.10685111989459815
영등포구신길4동,556,707,461,574,83,116,0.12189655172413794
영등포구신길5동,437,577,346,443,82,124,0.12451445835131636
영등포구신길6동,413,529,327,404,75,111,0.05913257321708026
영등포구신길7동,221,289,180,222,35,57,0.03660544648511716
영등포구대림1동,488,636,413,516,70,115,0.09081822076253035
영등포구대림2동,413,517,367,435,45,80,0.07356289129197496
영등포구대림3동,693,909,595,754,80,131,0.08750481324605314
영등포구영등포본동,893,1020,708,803,174,204,0.09781357882623705
영등포구영등포동,1553,1635,1180,1238,365,387,0.07534215013133036
영등포구도림동,658,802,530,617,123,177,0.08342001248179738
영등포구문래동,242,276,199,217,40,56,0.021007763738773024
영등포구기타,97,577,93,88,4,-,
동작구소계,9664,13202,8205,10647,1398,2149,0.07057704027627795
동작구노량진2동,694,884,566,709,126,173,0.1285444234404537
동작구상도1동,935,1231,790,995,133,221,0.05438720508968808
동작구상도2동,372,522,328,452,44,70,0.041560509554140125
동작구상도3동,821,1141,658,896,159,241,0.09338680635128499
동작구상도4동,963,1386,823,1120,135,258,0.09786753283434543
동작구사당1동,605,784,530,679,68,96,0.05695191050414063
동작구사당3동,432,585,351,467,79,115,0.055518648571699726
동작구사당4동,426,563,370,488,54,73,0.07735641659796648
동작구사당5동,279,377,236,313,43,64,0.055876685934489405
동작구대방동,1095,1519,946,1264,140,245,0.09095808383233533
동작구신대방1동,475,597,397,492,77,104,0.05701461178492981
동작구신대방2동,456,589,382,486,70,99,0.05496966868875408
동작구흑석동,650,863,552,720,96,141,0.06622669020029161
동작구노량진1동,972,1213,851,1047,113,158,0.07234448619311744
동작구사당2동,464,589,400,495,61,91,0.046764589122667725
동작구기타,25,359,25,24,-,-,
관악구소계,17573,22941,14466,17976,2571,3926,0.08003223476959466
관악구보라매동,846,1158,700,920,122,208,0.08805414036955364
관악구청림동,481,620,417,518,47,78,0.09613893626918903
관악구행운동,842,1040,721,871,101,146,0.056719022687609075
관악구낙성대동,367,444,289,338,67,90,0.036672999091434705
관악구중앙동,488,608,414,503,61,91,0.059190031152647975
관악구인헌동,579,761,494,631,65,110,0.05113560005375622
관악구남현동,300,365,232,268,62,89,0.03692836908134359
관악구서원동,691,918,543,708,126,184,0.06117960679773409
관악구신원동,896,1123,734,887,129,195,0.09856929693671553
관악구서림동,938,1200,723,898,197,280,0.07855459544383346
관악구신사동,930,1249,755,988,158,245,0.08538419469510528
관악구신림동,750,846,577,650,159,182,0.04390471742176553
관악구난향동,481,654,404,536,48,82,0.1054498548855208
관악구조원동,596,724,503,609,84,104,0.05921805987240308
관악구대학동,1211,1353,928,1036,237,269,0.0768095373261425
관악구은천동,1255,1638,1089,1370,122,214,0.10138020672154484
관악구성현동,1204,1570,1000,1254,135,238,0.12828893610067005
관악구청룡동,978,1166,818,959,128,168,0.04784963887065003
관악구난곡동,1527,2148,1268,1709,221,384,0.1653961653961654
관악구삼성동,1262,1612,1103,1352,131,227,0.16485988954796482
관악구미성동,944,1352,747,965,171,342,0.09373266777592901
관악구기타,7,392,7,6,-,-,
서초구소계,5062,7418,4452,6143,567,1066,0.04400023726199656
서초구서초1동,285,356,252,299,33,57,0.03761622992392223
서초구서초2동,108,157,95,133,13,24,0.013032290196729477
서초구서초3동,277,359,244,305,32,53,0.023485542326311656
서초구서초4동,65,70,61,66,4,4,0.006534727408513816
서초구잠원동,218,254,195,226,20,25,0.024073547531039713
서초구반포본동,3,10,2,7,1,3,0.07518796992481203
서초구반포1동,379,458,337,391,37,62,0.030895844576362654
서초구반포2동,7,7,7,7,-,-,0.0013994402239104358
서초구반포3동,28,41,26,38,2,3,0.0050030506406345335
서초구반포4동,72,117,58,87,14,30,0.016546457361052185
서초구방배본동,242,361,208,302,33,58,0.04552907050069366
서초구방배1동,246,320,217,274,24,41,0.042683740162731756
서초구방배2동,386,493,359,453,26,39,0.0622789287518949
서초구방배3동,106,137,89,111,16,25,0.021656655074296555
서초구방배4동,253,335,225,293,24,38,0.034990599540421975
서초구양재1동,1428,2293,1259,1952,157,322,0.12844499215774144
서초구양재2동,504,678,436,579,66,97,0.06170367673825992
서초구내곡동,453,815,380,618,65,185,0.11283400249203931
서초구기타,2,157,2,2,-,-,
강남구소계,10930,15840,8793,11557,1624,2883,0.06685377846244751
강남구신사동,179,246,155,206,21,35,0.03602811950790861
강남구논현1동,651,868,475,594,159,248,0.06340394448502557
강남구논현2동,353,489,251,325,82,135,0.04300791556728232
강남구삼성1동,110,168,75,110,32,55,0.03171606569756466
강남구삼성2동,344,466,269,336,61,101,0.03428235121018171
강남구대치1동,12,17,10,13,2,4,0.0023565289714444137
강남구대치4동,468,657,347,485,97,148,0.06672082867878541
강남구역삼1동,870,1075,640,773,213,281,0.04539504243908619
강남구역삼2동,452,570,355,433,91,129,0.035912298387096774
강남구도곡1동,132,157,108,126,17,21,0.01893162908477029
강남구도곡2동,62,82,50,67,12,15,0.007144101759888482
강남구개포1동,125,162,103,115,16,32,0.061714285714285715
강남구개포4동,492,713,361,492,90,165,0.0708395429706905
강남구일원본동,83,125,73,99,10,26,0.015619142821441959
강남구일원1동,1203,1696,997,1322,145,279,0.2276510067114094
강남구일원2동,965,1311,849,1108,75,142,
강남구수서동,2580,3377,2199,2711,241,464,0.4372087001553599
강남구세곡동,1296,2342,1020,1681,181,472,0.12445530874694441
강남구압구정동,132,152,103,111,25,37,0.015166633406505687
강남구청담동,164,243,145,201,15,37,0.022108998271312894
강남구대치2동,118,141,97,113,16,24,0.010850327048864948
강남구개포2동,133,174,105,130,23,33,0.012731396795200117
강남구기타,6,609,6,6,-,-,
송파구소계,12048,17769,9846,13732,1926,3331,0.062173283228014194
송파구풍납1동,418,522,336,392,68,114,0.09146661994042404
송파구풍납2동,426,569,350,448,67,110,0.05251984493261953
송파구거여1동,425,560,357,449,61,104,0.10055665289998204
송파구거여2동,608,803,496,619,84,152,0.0795128230517873
송파구마천1동,1149,1639,954,1319,173,296,0.18895549919299054
송파구마천2동,1060,1509,863,1173,169,305,0.17663584220999648
송파구방이1동,213,328,180,263,29,60,0.053542278811622594
송파구방이2동,665,905,540,724,114,168,0.05883882712437423
송파구오륜동,9,9,9,9,-,-,0.001525940996948118
송파구오금동,988,1605,794,1253,166,317,0.10284505959246444
송파구송파1동,449,581,366,452,73,120,0.04655448717948718
송파구송파2동,264,359,202,262,56,90,0.04993740436778411
송파구석촌동,750,995,608,769,124,204,0.05874712168624904
송파구삼전동,837,1196,695,979,125,199,0.07442902483041881
송파구가락본동,551,739,462,621,80,109,0.06332476435304199
송파구가락1동,75,112,69,101,4,9,0.011340623734305387
송파구가락2동,396,576,314,443,70,120,0.04665100834210739
송파구문정1동,283,402,226,312,53,85,0.047394482433388355
송파구문정2동,85,96,77,87,8,9,0.006069802731411229
송파구잠실본동,748,949,581,730,161,213,0.05940903968949543
송파구잠실4동,26,31,24,28,2,3,0.0042870972203014794
송파구잠실6동,24,34,20,27,4,7,0.005831903945111492
송파구잠실7동,7,11,7,11,-,-,0.003260225251926497
송파구잠실2동,27,33,23,28,4,5,0.0028534370946822307
송파구잠실3동,44,54,39,46,4,7,0.004562352145995268
송파구장지동,950,1680,786,1336,140,311,0.13879709187045605
송파구위례동,570,1090,467,850,87,214,0.07475481791372333
송파구기타,1,382,1,1,-,-,
강동구소계,11923,16669,9967,13048,1695,2834,0.08222144396817489
강동구강일동,1433,2240,1178,1749,210,430,0.17087497139369898
강동구명일1동,300,375,257,319,36,47,0.03732828986661358
강동구명일2동,124,179,104,141,19,37,0.02753846153846154
강동구고덕1동,235,309,207,260,20,40,0.03805887424559675
강동구고덕2동,456,588,393,488,53,88,0.0657130084935181
강동구암사2동,144,170,126,148,17,21,0.026683409197928113
강동구암사3동,103,133,93,113,10,20,0.021514073115496603
강동구천호1동,1247,1659,1034,1335,181,283,0.12811800139006874
강동구천호3동,1117,1402,945,1147,146,224,0.09670299351634708
강동구성내1동,235,331,204,279,29,50,0.040082344393315573
강동구성내2동,770,930,647,772,109,141,0.07337857030140445
강동구성내3동,519,706,411,545,101,152,0.06659120920581023
강동구둔촌1동,1,1,1,1,-,-,0.02631578947368421
강동구둔촌2동,413,536,343,429,63,100,0.05189272920902314
강동구암사1동,1351,1922,1129,1542,192,339,0.1194827800571926
강동구천호2동,1510,2002,1267,1623,210,338,0.11382760973390949
강동구길동,1241,1637,1015,1285,205,329,0.07454123218432676
강동구상일1동,292,396,248,313,40,78,0.029079159935379646
강동구상일2동,423,689,357,551,53,117,0.14185711344451307
강동구기타,9,464,8,8,1,-,
