시군구,region,build_year,year
강남구개포동,강남구개포1동,2005.6933797026031,17.306620297396876
강남구개포동,강남구개포2동,2005.6933797026031,17.306620297396876
강남구개포동,강남구개포3동,2005.6933797026031,17.306620297396876
강남구개포동,강남구개포4동,2005.6933797026031,17.306620297396876
강남구논현동,강남구논현1동,2004.761554372286,18.2384456277141
강남구논현동,강남구논현2동,2004.761554372286,18.2384456277141
강남구대치동,강남구대치1동,1997.8049260994503,25.195073900549687
강남구대치동,강남구대치2동,1997.8049260994503,25.195073900549687
강남구대치동,강남구대치4동,1997.8049260994503,25.195073900549687
강남구대치동,강남구개포3동,1997.8049260994503,25.195073900549687
강남구도곡동,강남구도곡1동,2003.9776152890352,19.022384710964843
강남구도곡동,강남구도곡2동,2003.9776152890352,19.022384710964843
강남구삼성동,강남구삼성1동,2004.11577026689,18.884229733110033
강남구삼성동,강남구삼성2동,2004.11577026689,18.884229733110033
강남구세곡동,강남구세곡동,2013.9097569097569,9.09024309024312
강남구수서동,강남구일원본동,1995.6322681242036,27.36773187579638
강남구수서동,강남구일원1동,1995.6322681242036,27.36773187579638
강남구수서동,강남구수서동,1995.6322681242036,27.36773187579638
강남구신사동,강남구신사동,1998.1361855553032,24.8638144446968
강남구신사동,강남구압구정동,1998.1361855553032,24.8638144446968
강남구압구정동,강남구신사동,1980.4300411522634,42.56995884773664
강남구압구정동,강남구압구정동,1980.4300411522634,42.56995884773664
강남구역삼동,강남구역삼1동,2008.2868254442924,14.71317455570761
강남구역삼동,강남구역삼2동,2008.2868254442924,14.71317455570761
강남구율현동,강남구세곡동,2017.2222222222224,5.777777777777601
강남구일원동,강남구개포2동,2005.6758058717676,17.32419412823242
강남구일원동,강남구개포3동,2005.6758058717676,17.32419412823242
강남구일원동,강남구일원본동,2005.6758058717676,17.32419412823242
강남구일원동,강남구일원1동,2005.6758058717676,17.32419412823242
강남구자곡동,강남구세곡동,2013.858832565284,9.141167434715953
강남구청담동,강남구청담동,1999.4023243414404,23.597675658559638
강동구강일동,강동구강일동,2014.2158318573136,8.78416814268644
강동구고덕동,강동구고덕제1동,2015.0986338440146,7.901366155985443
강동구고덕동,강동구고덕제2동,2015.0986338440146,7.901366155985443
강동구길동,강동구길동,2006.372608401883,16.6273915981169
강동구둔촌동,강동구둔촌제1동,2009.0952922593165,13.904707740683534
강동구둔촌동,강동구둔촌제2동,2009.0952922593165,13.904707740683534
강동구명일동,강동구명일제1동,2004.112545307258,18.88745469274204
강동구명일동,강동구명일제2동,2004.112545307258,18.88745469274204
강동구상일동,강동구상일제1동,2013.6681505210606,9.331849478939375
강동구상일동,강동구상일제2동,2013.6681505210606,9.331849478939375
강동구성내동,강동구성내제1동,2007.8725285281548,15.127471471845183
강동구성내동,강동구성내제2동,2007.8725285281548,15.127471471845183
강동구성내동,강동구성내제3동,2007.8725285281548,15.127471471845183
강동구암사동,강동구암사제1동,2008.9480084018946,14.05199159810536
강동구암사동,강동구암사제2동,2008.9480084018946,14.05199159810536
강동구암사동,강동구암사제3동,2008.9480084018946,14.05199159810536
강동구천호동,강동구천호제1동,2010.9040239613919,12.095976038608114
강동구천호동,강동구천호제2동,2010.9040239613919,12.095976038608114
강동구천호동,강동구천호제3동,2010.9040239613919,12.095976038608114
강북구미아동,강북구삼양동,2006.4591997526345,16.540800247365496
강북구미아동,강북구미아동,2006.4591997526345,16.540800247365496
강북구미아동,강북구송중동,2006.4591997526345,16.540800247365496
강북구미아동,강북구송천동,2006.4591997526345,16.540800247365496
강북구미아동,강북구삼각산동,2006.4591997526345,16.540800247365496
강북구번동,강북구번1동,2001.0838118157762,21.916188184223756
강북구번동,강북구번2동,2001.0838118157762,21.916188184223756
강북구번동,강북구번3동,2001.0838118157762,21.916188184223756
강북구수유동,강북구수유1동,2007.8205305192746,15.179469480725402
강북구수유동,강북구수유2동,2007.8205305192746,15.179469480725402
강북구수유동,강북구수유3동,2007.8205305192746,15.179469480725402
강북구수유동,강북구우이동,2007.8205305192746,15.179469480725402
강북구수유동,강북구인수동,2007.8205305192746,15.179469480725402
강북구우이동,강북구우이동,1999.8138221955446,23.186177804455383
강서구가양동,강서구염창동,2003.9190641199011,19.080935880098878
강서구가양동,강서구가양제1동,2003.9190641199011,19.080935880098878
강서구가양동,강서구가양제2동,2003.9190641199011,19.080935880098878
강서구가양동,강서구가양제3동,2003.9190641199011,19.080935880098878
강서구공항동,강서구공항동,2008.9871167968295,14.012883203170531
강서구공항동,강서구방화제1동,2008.9871167968295,14.012883203170531
강서구내발산동,강서구발산제1동,2007.9538816648126,15.04611833518743
강서구내발산동,강서구우장산동,2007.9538816648126,15.04611833518743
강서구등촌동,강서구등촌제1동,2004.5454421262116,18.454557873788417
강서구등촌동,강서구등촌제2동,2004.5454421262116,18.454557873788417
강서구등촌동,강서구등촌제3동,2004.5454421262116,18.454557873788417
강서구마곡동,강서구가양제1동,2008.52957178251,14.470428217490053
강서구마곡동,강서구발산제1동,2008.52957178251,14.470428217490053
강서구마곡동,강서구공항동,2008.52957178251,14.470428217490053
강서구마곡동,강서구방화제1동,2008.52957178251,14.470428217490053
강서구방화동,강서구공항동,2005.668899839752,17.33110016024807
강서구방화동,강서구방화제1동,2005.668899839752,17.33110016024807
강서구방화동,강서구방화제2동,2005.668899839752,17.33110016024807
강서구방화동,강서구방화제3동,2005.668899839752,17.33110016024807
강서구염창동,강서구염창동,2006.346053805255,16.653946194745004
강서구화곡동,강서구화곡제1동,2009.1370055244229,13.862994475577125
강서구화곡동,강서구화곡제2동,2009.1370055244229,13.862994475577125
강서구화곡동,강서구화곡제3동,2009.1370055244229,13.862994475577125
강서구화곡동,강서구화곡제4동,2009.1370055244229,13.862994475577125
강서구화곡동,강서구화곡본동,2009.1370055244229,13.862994475577125
강서구화곡동,강서구화곡제6동,2009.1370055244229,13.862994475577125
강서구화곡동,강서구화곡제8동,2009.1370055244229,13.862994475577125
강서구화곡동,강서구우장산동,2009.1370055244229,13.862994475577125
관악구남현동,관악구남현동,2008.5610955056181,14.438904494381859
관악구봉천동,관악구보라매동,2003.7343885635828,19.265611436417203
관악구봉천동,관악구청림동,2003.7343885635828,19.265611436417203
관악구봉천동,관악구성현동,2003.7343885635828,19.265611436417203
관악구봉천동,관악구행운동,2003.7343885635828,19.265611436417203
관악구봉천동,관악구낙성대동,2003.7343885635828,19.265611436417203
관악구봉천동,관악구청룡동,2003.7343885635828,19.265611436417203
관악구봉천동,관악구은천동,2003.7343885635828,19.265611436417203
관악구봉천동,관악구중앙동,2003.7343885635828,19.265611436417203
관악구봉천동,관악구인헌동,2003.7343885635828,19.265611436417203
관악구신림동,관악구서원동,2006.9561597080078,16.043840291992183
관악구신림동,관악구신원동,2006.9561597080078,16.043840291992183
관악구신림동,관악구서림동,2006.9561597080078,16.043840291992183
관악구신림동,관악구신사동,2006.9561597080078,16.043840291992183
관악구신림동,관악구신림동,2006.9561597080078,16.043840291992183
관악구신림동,관악구난향동,2006.9561597080078,16.043840291992183
관악구신림동,관악구조원동,2006.9561597080078,16.043840291992183
관악구신림동,관악구대학동,2006.9561597080078,16.043840291992183
관악구신림동,관악구삼성동,2006.9561597080078,16.043840291992183
관악구신림동,관악구미성동,2006.9561597080078,16.043840291992183
관악구신림동,관악구난곡동,2006.9561597080078,16.043840291992183
광진구광장동,광진구광장동,1999.4706208987768,23.529379101223185
광진구구의동,광진구구의제1동,2006.4986600089169,16.501339991083114
광진구구의동,광진구구의제2동,2006.4986600089169,16.501339991083114
광진구구의동,광진구구의제3동,2006.4986600089169,16.501339991083114
광진구군자동,광진구군자동,2007.1135026737968,15.886497326203198
광진구자양동,광진구자양제1동,2005.5848043858982,17.415195614101776
광진구자양동,광진구자양제2동,2005.5848043858982,17.415195614101776
광진구자양동,광진구자양제3동,2005.5848043858982,17.415195614101776
광진구자양동,광진구자양제4동,2005.5848043858982,17.415195614101776
광진구중곡동,광진구중곡제1동,2005.745940223545,17.25405977645505
광진구중곡동,광진구중곡제2동,2005.745940223545,17.25405977645505
광진구중곡동,광진구중곡제3동,2005.745940223545,17.25405977645505
광진구중곡동,광진구중곡제4동,2005.745940223545,17.25405977645505
광진구화양동,광진구화양동,2013.2518246134496,9.748175386550429
구로구가리봉동,구로구가리봉동,2003.8042297564189,19.195770243581137
구로구개봉동,구로구개봉제1동,2004.8799184807317,18.120081519268297
구로구개봉동,구로구개봉제2동,2004.8799184807317,18.120081519268297
구로구개봉동,구로구개봉제3동,2004.8799184807317,18.120081519268297
구로구고척동,구로구고척제1동,2004.5948693913263,18.405130608673744
구로구고척동,구로구고척제2동,2004.5948693913263,18.405130608673744
구로구구로동,구로구구로제1동,2003.9694397340586,19.030560265941403
구로구구로동,구로구구로제2동,2003.9694397340586,19.030560265941403
구로구구로동,구로구구로제3동,2003.9694397340586,19.030560265941403
구로구구로동,구로구구로제4동,2003.9694397340586,19.030560265941403
구로구구로동,구로구구로제5동,2003.9694397340586,19.030560265941403
구로구신도림동,구로구신도림동,2003.1851092001093,19.81489079989069
구로구오류동,구로구오류제1동,2004.9780311122406,18.021968887759385
구로구오류동,구로구오류제2동,2004.9780311122406,18.021968887759385
구로구온수동,구로구수궁동,2003.3911436866267,19.60885631337328
구로구천왕동,구로구오류제2동,2012.1280228392297,10.871977160770257
구로구항동,구로구항동,2006.454999696098,16.545000303902043
금천구가산동,금천구가산동,2010.5505699667415,12.449430033258523
금천구독산동,금천구독산제1동,2011.7621796915496,11.23782030845041
금천구독산동,금천구독산제2동,2011.7621796915496,11.23782030845041
금천구독산동,금천구독산제3동,2011.7621796915496,11.23782030845041
금천구독산동,금천구독산제4동,2011.7621796915496,11.23782030845041
금천구시흥동,금천구시흥제1동,2005.4208441651224,17.57915583487761
금천구시흥동,금천구시흥제2동,2005.4208441651224,17.57915583487761
금천구시흥동,금천구시흥제3동,2005.4208441651224,17.57915583487761
금천구시흥동,금천구시흥제4동,2005.4208441651224,17.57915583487761
금천구시흥동,금천구시흥제5동,2005.4208441651224,17.57915583487761
노원구공릉동,노원구공릉1동,2002.6103270872493,20.38967291275071
노원구공릉동,노원구공릉2동,2002.6103270872493,20.38967291275071
노원구상계동,노원구중계4동,1998.4709229439616,24.52907705603843
노원구상계동,노원구상계1동,1998.4709229439616,24.52907705603843
노원구상계동,노원구상계2동,1998.4709229439616,24.52907705603843
노원구상계동,노원구상계3.4동,1998.4709229439616,24.52907705603843
노원구상계동,노원구상계5동,1998.4709229439616,24.52907705603843
노원구상계동,노원구상계6.7동,1998.4709229439616,24.52907705603843
노원구상계동,노원구상계8동,1998.4709229439616,24.52907705603843
노원구상계동,노원구상계9동,1998.4709229439616,24.52907705603843
노원구상계동,노원구상계10동,1998.4709229439616,24.52907705603843
노원구월계동,노원구월계1동,1999.2673237141635,23.732676285836533
노원구월계동,노원구월계2동,1999.2673237141635,23.732676285836533
노원구월계동,노원구월계3동,1999.2673237141635,23.732676285836533
노원구중계동,노원구중계본동,1997.6528966575504,25.3471033424496
노원구중계동,노원구중계1동,1997.6528966575504,25.3471033424496
노원구중계동,노원구중계4동,1997.6528966575504,25.3471033424496
노원구중계동,노원구중계2.3동,1997.6528966575504,25.3471033424496
노원구하계동,노원구하계1동,1995.3003291481032,27.699670851896826
노원구하계동,노원구하계2동,1995.3003291481032,27.699670851896826
도봉구도봉동,도봉구도봉제1동,2000.285081474653,22.714918525347002
도봉구도봉동,도봉구도봉제2동,2000.285081474653,22.714918525347002
도봉구방학동,도봉구방학제1동,1998.4897978266943,24.510202173305743
도봉구방학동,도봉구방학제2동,1998.4897978266943,24.510202173305743
도봉구방학동,도봉구방학제3동,1998.4897978266943,24.510202173305743
도봉구쌍문동,도봉구쌍문제1동,1999.2795472937594,23.72045270624062
도봉구쌍문동,도봉구쌍문제2동,1999.2795472937594,23.72045270624062
도봉구쌍문동,도봉구쌍문제3동,1999.2795472937594,23.72045270624062
도봉구쌍문동,도봉구쌍문제4동,1999.2795472937594,23.72045270624062
도봉구창동,도봉구창제1동,1999.3645101771508,23.635489822849195
도봉구창동,도봉구창제2동,1999.3645101771508,23.635489822849195
도봉구창동,도봉구창제3동,1999.3645101771508,23.635489822849195
도봉구창동,도봉구창제4동,1999.3645101771508,23.635489822849195
도봉구창동,도봉구창제5동,1999.3645101771508,23.635489822849195
동대문구답십리동,동대문구답십리제1동,2012.7979562545333,10.202043745466653
동대문구답십리동,동대문구답십리제2동,2012.7979562545333,10.202043745466653
동대문구신설동,동대문구용신동,2013.8974726775957,9.102527322404285
동대문구용두동,동대문구용신동,2014.0742770993475,8.925722900652545
동대문구이문동,동대문구이문제1동,2003.0657200069156,19.934279993084374
동대문구이문동,동대문구이문제2동,2003.0657200069156,19.934279993084374
동대문구장안동,동대문구장안제1동,2010.8361203692334,12.163879630766587
동대문구장안동,동대문구장안제2동,2010.8361203692334,12.163879630766587
동대문구전농동,동대문구전농제1동,2010.8833920388274,12.116607961172576
동대문구전농동,동대문구전농제2동,2010.8833920388274,12.116607961172576
동대문구제기동,동대문구제기동,2007.2701975818575,15.729802418142526
동대문구청량리동,동대문구청량리동,1996.588353295816,26.411646704184022
동대문구회기동,동대문구회기동,2004.996176046176,18.00382395382394
동대문구휘경동,동대문구휘경제1동,2006.2553286284972,16.744671371502818
동대문구휘경동,동대문구휘경제2동,2006.2553286284972,16.744671371502818
동작구노량진동,동작구노량진제1동,1998.7674320586068,24.2325679413932
동작구노량진동,동작구노량진제2동,1998.7674320586068,24.2325679413932
동작구대방동,동작구대방동,2003.3523331533522,19.64766684664778
동작구동작동,동작구사당제2동,2005.12360987361,17.876390126390106
동작구본동,동작구노량진제1동,2000.0460549531492,22.953945046850777
동작구사당동,동작구사당제1동,2005.3096124877093,17.690387512290727
동작구사당동,동작구사당제2동,2005.3096124877093,17.690387512290727
동작구사당동,동작구사당제3동,2005.3096124877093,17.690387512290727
동작구사당동,동작구사당제4동,2005.3096124877093,17.690387512290727
동작구사당동,동작구사당제5동,2005.3096124877093,17.690387512290727
동작구상도1동,동작구상도제1동,2007.7301587301588,15.269841269841208
동작구상도동,동작구상도제1동,2009.225794493933,13.774205506066892
동작구상도동,동작구상도제2동,2009.225794493933,13.774205506066892
동작구상도동,동작구상도제3동,2009.225794493933,13.774205506066892
동작구상도동,동작구상도제4동,2009.225794493933,13.774205506066892
동작구신대방동,동작구신대방제1동,2005.5987764799775,17.40122352002254
동작구신대방동,동작구신대방제2동,2005.5987764799775,17.40122352002254
동작구흑석동,동작구흑석동,2008.251162951041,14.748837048959103
마포구공덕동,마포구아현동,2008.3926130842815,14.607386915718507
마포구공덕동,마포구공덕동,2008.3926130842815,14.607386915718507
마포구공덕동,마포구염리동,2008.3926130842815,14.607386915718507
마포구노고산동,마포구대흥동,2012.2046121981468,10.795387801853167
마포구노고산동,마포구서교동,2012.2046121981468,10.795387801853167
마포구대흥동,마포구용강동,2011.4754780458454,11.52452195415458
마포구대흥동,마포구대흥동,2011.4754780458454,11.52452195415458
마포구대흥동,마포구신수동,2011.4754780458454,11.52452195415458
마포구도화동,마포구공덕동,2003.1971167379038,19.802883262096202
마포구도화동,마포구도화동,2003.1971167379038,19.802883262096202
마포구도화동,마포구용강동,2003.1971167379038,19.802883262096202
마포구동교동,마포구서교동,1998.75,24.25
마포구마포동,마포구도화동,2007.5552278603748,15.444772139625229
마포구마포동,마포구용강동,2007.5552278603748,15.444772139625229
마포구망원동,마포구망원제1동,2006.067666316455,16.93233368354504
마포구망원동,마포구망원제2동,2006.067666316455,16.93233368354504
마포구상수동,마포구서강동,2008.89604978355,14.103950216449903
마포구상암동,마포구상암동,2008.9523627471544,14.047637252845561
마포구서교동,마포구서교동,2006.9027591036415,16.09724089635847
마포구성산동,마포구성산제1동,2000.247213674148,22.752786325851957
마포구성산동,마포구성산제2동,2000.247213674148,22.752786325851957
마포구신공덕동,마포구공덕동,2004.4464227018984,18.553577298101573
마포구신수동,마포구대흥동,2011.2231017006582,11.776898299341838
마포구신수동,마포구신수동,2011.2231017006582,11.776898299341838
마포구신정동,마포구신수동,1998.9907407407409,24.009259259259125
마포구신정동,마포구서강동,1998.9907407407409,24.009259259259125
마포구아현동,마포구아현동,2008.4454479521623,14.55455204783766
마포구아현동,마포구공덕동,2008.4454479521623,14.55455204783766
마포구연남동,마포구연남동,2003.9698130994052,19.0301869005948
마포구염리동,마포구아현동,2016.6997609181167,6.300239081883319
마포구염리동,마포구용강동,2016.6997609181167,6.300239081883319
마포구염리동,마포구염리동,2016.6997609181167,6.300239081883319
마포구용강동,마포구용강동,2012.6854166666667,10.314583333333303
마포구중동,마포구성산제2동,2001.2969841269842,21.70301587301583
마포구창전동,마포구서강동,2007.6667787784304,15.333221221569602
마포구토정동,마포구용강동,2002.5833333333333,20.416666666666742
마포구하중동,마포구서강동,2010.0,13.0
마포구합정동,마포구합정동,2008.4320855758033,14.567914424196715
마포구현석동,마포구신수동,2008.083061594203,14.916938405797055
서대문구남가좌동,서대문구남가좌제1동,2007.0938056131258,15.906194386874176
서대문구남가좌동,서대문구남가좌제2동,2007.0938056131258,15.906194386874176
서대문구냉천동,서대문구천연동,2008.6351674641146,14.364832535885398
서대문구대현동,서대문구북아현동,2009.5585114702815,13.441488529718526
서대문구대현동,서대문구신촌동,2009.5585114702815,13.441488529718526
서대문구북가좌동,서대문구북가좌제1동,2007.0535584449167,15.946441555083311
서대문구북가좌동,서대문구북가좌제2동,2007.0535584449167,15.946441555083311
서대문구북아현동,서대문구북아현동,2006.7154476766855,16.28455232331453
서대문구북아현동,서대문구충현동,2006.7154476766855,16.28455232331453
서대문구연희동,서대문구연희동,2004.6902756765298,18.309724323470164
서대문구영천동,서대문구천연동,1995.0,28.0
서대문구창천동,서대문구신촌동,2006.292216117216,16.707783882784042
서대문구천연동,서대문구천연동,2001.8977272727273,21.102272727272748
서대문구충정로2가,서대문구충현동,1997.875,25.125
서대문구충정로3가,서대문구충현동,1995.3028048564338,27.697195143566205
서대문구합동,서대문구충현동,2007.8684210526317,15.131578947368325
서대문구현저동,서대문구천연동,1998.729826546003,24.270173453996904
서대문구홍은동,서대문구홍은제1동,2004.2454601524519,18.75453984754813
서대문구홍은동,서대문구홍은제2동,2004.2454601524519,18.75453984754813
서대문구홍제동,서대문구홍제제1동,2002.3631939612987,20.636806038701252
서대문구홍제동,서대문구홍제제3동,2002.3631939612987,20.636806038701252
서대문구홍제동,서대문구홍제제2동,2002.3631939612987,20.636806038701252
서초구내곡동,서초구내곡동,2015.7717333679834,7.2282666320165845
서초구반포동,서초구반포본동,2008.2481301962873,14.75186980371268
서초구반포동,서초구반포1동,2008.2481301962873,14.75186980371268
서초구반포동,서초구반포2동,2008.2481301962873,14.75186980371268
서초구반포동,서초구반포4동,2008.2481301962873,14.75186980371268
서초구방배동,서초구서초3동,2004.4134639626895,18.586536037310452
서초구방배동,서초구방배본동,2004.4134639626895,18.586536037310452
서초구방배동,서초구방배1동,2004.4134639626895,18.586536037310452
서초구방배동,서초구방배2동,2004.4134639626895,18.586536037310452
서초구방배동,서초구방배3동,2004.4134639626895,18.586536037310452
서초구방배동,서초구방배4동,2004.4134639626895,18.586536037310452
서초구서초동,서초구서초1동,2006.1188985878846,16.881101412115413
서초구서초동,서초구서초2동,2006.1188985878846,16.881101412115413
서초구서초동,서초구서초3동,2006.1188985878846,16.881101412115413
서초구서초동,서초구서초4동,2006.1188985878846,16.881101412115413
서초구신원동,서초구내곡동,2015.912280701754,7.087719298245929
서초구양재동,서초구양재1동,2004.0174191799808,18.982580820019166
서초구양재동,서초구양재2동,2004.0174191799808,18.982580820019166
서초구우면동,서초구양재1동,2007.8911414166123,15.1088585833877
서초구잠원동,서초구잠원동,2002.1466662500143,20.853333749985723
서초구잠원동,서초구반포3동,2002.1466662500143,20.853333749985723
성동구금호동1가,성동구금호1가동,2003.976853251182,19.023146748817908
성동구금호동2가,성동구금호2.3가동,2005.2740364474237,17.72596355257633
성동구금호동3가,성동구금호2.3가동,1999.639811437898,23.36018856210194
성동구금호동4가,성동구금호4가동,2005.7911203698934,17.208879630106594
성동구도선동,성동구왕십리도선동,2009.2020697167757,13.797930283224332
성동구마장동,성동구마장동,2002.2372055008761,20.762794499123856
성동구사근동,성동구사근동,1999.9270010131713,23.07299898682868
성동구상왕십리동,성동구왕십리도선동,2014.4171256228692,8.582874377130793
성동구성수동1가,성동구성수1가제1동,2000.8542521943466,22.1457478056534
성동구성수동1가,성동구성수1가제2동,2000.8542521943466,22.1457478056534
성동구성수동2가,성동구성수2가제1동,2000.1014324590815,22.89856754091852
성동구성수동2가,성동구성수2가제3동,2000.1014324590815,22.89856754091852
성동구송정동,성동구송정동,2009.6822501747029,13.317749825297142
성동구송정동,성동구용답동,2009.6822501747029,13.317749825297142
성동구옥수동,성동구옥수동,1998.815585452058,24.18441454794197
성동구용답동,성동구용답동,2011.3277427470628,11.672257252937243
성동구응봉동,성동구응봉동,1995.3885894868051,27.61141051319487
성동구하왕십리동,성동구왕십리제2동,2014.1752242850807,8.82477571491927
성동구하왕십리동,성동구왕십리도선동,2014.1752242850807,8.82477571491927
성동구행당동,성동구사근동,2004.38260682833,18.617393171670074
성동구행당동,성동구행당제1동,2004.38260682833,18.617393171670074
성동구행당동,성동구행당제2동,2004.38260682833,18.617393171670074
성동구홍익동,성동구왕십리도선동,2004.9083333333333,18.091666666666697
성북구길음동,성북구정릉제1동,2009.42225586234,13.57774413765992
성북구길음동,성북구길음제1동,2009.42225586234,13.57774413765992
성북구길음동,성북구길음제2동,2009.42225586234,13.57774413765992
성북구돈암동,성북구삼선동,2001.5712660994918,21.428733900508178
성북구돈암동,성북구동선동,2001.5712660994918,21.428733900508178
성북구돈암동,성북구돈암제1동,2001.5712660994918,21.428733900508178
성북구돈암동,성북구돈암제2동,2001.5712660994918,21.428733900508178
성북구돈암동,성북구정릉제1동,2001.5712660994918,21.428733900508178
성북구돈암동,성북구정릉제2동,2001.5712660994918,21.428733900508178
성북구동선동4가,성북구동선동,2005.875,17.125
성북구동소문동4가,성북구성북동,2003.4151785714287,19.58482142857133
성북구동소문동5가,성북구삼선동,2011.842105263158,11.157894736842081
성북구동소문동7가,성북구동선동,2004.1190476190475,18.88095238095252
성북구보문동2가,성북구보문동,2003.4,19.59999999999991
성북구보문동3가,성북구보문동,2003.8525641025642,19.1474358974358
성북구보문동4가,성북구보문동,2005.0,18.0
성북구보문동6가,성북구보문동,2011.7692529320047,11.230747067995253
성북구삼선동2가,성북구삼선동,2010.6850423472474,12.314957652752582
성북구삼선동3가,성북구삼선동,2010.1354039167686,12.86459608323139
성북구삼선동4가,성북구삼선동,2004.7575757575758,18.24242424242425
성북구상월곡동,성북구월곡제2동,2008.3100684365425,14.689931563457549
성북구석관동,성북구석관동,2010.9889696264067,12.011030373593258
성북구성북동1가,성북구성북동,2006.5833333333333,16.416666666666742
성북구안암동1가,성북구안암동,2007.9444444444443,15.055555555555657
성북구안암동3가,성북구안암동,1987.5633522727271,35.436647727272884
성북구안암동5가,성북구안암동,2005.7,17.299999999999955
성북구장위동,성북구장위제1동,2014.955981299324,8.044018700675906
성북구장위동,성북구장위제2동,2014.955981299324,8.044018700675906
성북구장위동,성북구장위제3동,2014.955981299324,8.044018700675906
성북구정릉동,성북구정릉제1동,2005.2854580506955,17.714541949304476
성북구정릉동,성북구정릉제2동,2005.2854580506955,17.714541949304476
성북구정릉동,성북구정릉제3동,2005.2854580506955,17.714541949304476
성북구정릉동,성북구정릉제4동,2005.2854580506955,17.714541949304476
성북구종암동,성북구종암동,2008.4971408311442,14.50285916885582
성북구하월곡동,성북구길음제2동,2008.2645654138619,14.735434586138126
성북구하월곡동,성북구월곡제1동,2008.2645654138619,14.735434586138126
성북구하월곡동,성북구월곡제2동,2008.2645654138619,14.735434586138126
송파구가락동,송파구가락본동,2008.9777547080434,14.022245291956551
송파구가락동,송파구가락1동,2008.9777547080434,14.022245291956551
송파구가락동,송파구가락2동,2008.9777547080434,14.022245291956551
송파구거여동,송파구거여1동,2007.8557358989426,15.144264101057388
송파구거여동,송파구거여2동,2007.8557358989426,15.144264101057388
송파구거여동,송파구위례동,2007.8557358989426,15.144264101057388
송파구마천동,송파구마천1동,2004.1407106654358,18.85928933456421
송파구마천동,송파구마천2동,2004.1407106654358,18.85928933456421
송파구문정동,송파구문정1동,2002.475513260806,20.52448673919389
송파구문정동,송파구문정2동,2002.475513260806,20.52448673919389
송파구문정동,송파구장지동,2002.475513260806,20.52448673919389
송파구방이동,송파구방이1동,2000.2641456719364,22.735854328063624
송파구방이동,송파구방이2동,2000.2641456719364,22.735854328063624
송파구방이동,송파구오륜동,2000.2641456719364,22.735854328063624
송파구삼전동,송파구삼전동,2003.7045837899618,19.295416210038184
송파구석촌동,송파구석촌동,2007.2205457152554,15.779454284744588
송파구송파동,송파구송파1동,2002.5351188173645,20.46488118263551
송파구송파동,송파구송파2동,2002.5351188173645,20.46488118263551
송파구신천동,송파구잠실4동,1999.732419815911,23.267580184088956
송파구신천동,송파구잠실6동,1999.732419815911,23.267580184088956
송파구오금동,송파구오금동,2002.3531435457307,20.646856454269255
송파구잠실동,송파구잠실본동,2006.3507761053795,16.64922389462049
송파구잠실동,송파구잠실2동,2006.3507761053795,16.64922389462049
송파구잠실동,송파구잠실3동,2006.3507761053795,16.64922389462049
송파구잠실동,송파구잠실7동,2006.3507761053795,16.64922389462049
송파구장지동,송파구문정2동,2011.6288551773014,11.371144822698625
송파구장지동,송파구장지동,2011.6288551773014,11.371144822698625
송파구장지동,송파구위례동,2011.6288551773014,11.371144822698625
송파구풍납동,송파구풍납1동,2000.7976164549689,22.202383545031125
송파구풍납동,송파구풍납2동,2000.7976164549689,22.202383545031125
양천구목동,양천구목1동,2001.1822282509859,21.817771749014128
양천구목동,양천구목2동,2001.1822282509859,21.817771749014128
양천구목동,양천구목3동,2001.1822282509859,21.817771749014128
양천구목동,양천구목4동,2001.1822282509859,21.817771749014128
양천구목동,양천구목5동,2001.1822282509859,21.817771749014128
양천구신월동,양천구신월1동,2005.8602510013977,17.139748998602272
양천구신월동,양천구신월2동,2005.8602510013977,17.139748998602272
양천구신월동,양천구신월3동,2005.8602510013977,17.139748998602272
양천구신월동,양천구신월4동,2005.8602510013977,17.139748998602272
양천구신월동,양천구신월5동,2005.8602510013977,17.139748998602272
양천구신월동,양천구신월6동,2005.8602510013977,17.139748998602272
양천구신월동,양천구신월7동,2005.8602510013977,17.139748998602272
양천구신정동,양천구신정1동,2004.1210021734983,18.878997826501745
양천구신정동,양천구신정2동,2004.1210021734983,18.878997826501745
양천구신정동,양천구신정3동,2004.1210021734983,18.878997826501745
양천구신정동,양천구신정4동,2004.1210021734983,18.878997826501745
양천구신정동,양천구신정6동,2004.1210021734983,18.878997826501745
양천구신정동,양천구신정7동,2004.1210021734983,18.878997826501745
영등포구당산동,영등포구당산제2동,2009.9195876735405,13.08041232645951
영등포구당산동1가,영등포구당산제1동,2010.0421570935343,12.957842906465658
영등포구당산동2가,영등포구당산제1동,2004.226579520697,18.773420479303013
영등포구당산동3가,영등포구당산제1동,2010.8710921431511,12.128907856848855
영등포구당산동4가,영등포구당산제2동,2007.8773987640268,15.122601235973207
영등포구당산동5가,영등포구당산제2동,2003.260525990863,19.739474009136984
영등포구당산동6가,영등포구당산제2동,2010.9386973180078,12.061302681992174
영등포구대림동,영등포구신길제5동,2008.872609344589,14.12739065541109
영등포구대림동,영등포구대림제1동,2008.872609344589,14.12739065541109
영등포구대림동,영등포구대림제2동,2008.872609344589,14.12739065541109
영등포구대림동,영등포구대림제3동,2008.872609344589,14.12739065541109
영등포구도림동,영등포구도림동,2008.8205921052631,14.179407894736869
영등포구문래동2가,영등포구문래동,1983.0,40.0
영등포구문래동3가,영등포구문래동,2007.7060320114667,15.293967988533268
영등포구문래동5가,영등포구문래동,2004.9929339477724,18.00706605222763
영등포구문래동6가,영등포구문래동,1995.2388704318937,27.7611295681063
영등포구신길동,영등포구영등포본동,2007.5003995560717,15.49960044392833
영등포구신길동,영등포구신길제1동,2007.5003995560717,15.49960044392833
영등포구신길동,영등포구신길제3동,2007.5003995560717,15.49960044392833
영등포구신길동,영등포구신길제4동,2007.5003995560717,15.49960044392833
영등포구신길동,영등포구신길제5동,2007.5003995560717,15.49960044392833
영등포구신길동,영등포구신길제6동,2007.5003995560717,15.49960044392833
영등포구신길동,영등포구신길제7동,2007.5003995560717,15.49960044392833
영등포구양평동1가,영등포구양평제1동,2009.7564979950928,13.243502004907214
영등포구양평동2가,영등포구양평제1동,1997.5884353741496,25.41156462585036
영등포구양평동3가,영등포구양평제1동,2009.8340815191484,13.165918480851587
영등포구양평동3가,영등포구양평제2동,2009.8340815191484,13.165918480851587
영등포구양평동4가,영등포구양평제2동,2005.9048400328138,17.09515996718619
영등포구양평동5가,영등포구양평제2동,2006.532662847179,16.467337152821074
영등포구양평동6가,영등포구양평제2동,2010.0793215405283,12.920678459471674
영등포구여의도동,영등포구여의동,1981.906118793437,41.09388120656308
영등포구영등포동,영등포구영등포본동,2008.0495999877626,14.950400012237424
영등포구영등포동,영등포구영등포동,2008.0495999877626,14.950400012237424
영등포구영등포동1가,영등포구영등포동,2016.3887712997475,6.611228700252468
영등포구영등포동2가,영등포구영등포동,2017.948634410469,5.051365589531088
영등포구영등포동3가,영등포구영등포동,2016.0,7.0
영등포구영등포동4가,영등포구영등포동,2014.0,9.0
영등포구영등포동5가,영등포구영등포동,1998.5859649122806,24.414035087719412
영등포구영등포동7가,영등포구영등포동,2013.819633103125,9.180366896875057
영등포구영등포동8가,영등포구영등포동,2008.7146153846154,14.2853846153846
용산구도원동,용산구용문동,2005.3714285714286,17.628571428571377
용산구동자동,용산구남영동,2003.0969298245614,19.903070175438643
용산구문배동,용산구원효로제1동,2011.8942998064556,11.105700193544408
용산구보광동,용산구보광동,1993.1878417634998,29.81215823650018
용산구산천동,용산구원효로제2동,2008.2857142857142,14.71428571428578
용산구서빙고동,용산구서빙고동,2000.9539424280351,22.046057571964866
용산구신계동,용산구원효로제1동,2015.7932692307693,7.206730769230717
용산구용문동,용산구용문동,2010.2664532459798,12.733546754020153
용산구용산동2가,용산구용산2가동,1991.396918131972,31.603081868028085
용산구용산동5가,용산구한강로동,2009.0,14.0
용산구원효로1가,용산구원효로제1동,2016.126083635035,6.873916364964998
용산구원효로2가,용산구원효로제1동,1995.1045918367347,27.8954081632653
용산구원효로3가,용산구원효로제2동,2006.3247963659146,16.675203634085392
용산구원효로4가,용산구원효로제2동,2000.397290562036,22.602709437963995
용산구이촌동,용산구이촌제1동,1989.0554061624648,33.944593837535194
용산구이촌동,용산구이촌제2동,1989.0554061624648,33.944593837535194
용산구이태원동,용산구이태원제1동,1996.5249426354344,26.4750573645656
용산구이태원동,용산구이태원제2동,1996.5249426354344,26.4750573645656
용산구청암동,용산구원효로제2동,2004.0,19.0
용산구청파동1가,용산구청파동,2006.8888507326008,16.11114926739924
용산구청파동3가,용산구청파동,2010.045,12.954999999999927
용산구한강로1가,용산구한강로동,2007.3973099415205,15.602690058479538
용산구한강로2가,용산구한강로동,2006.5960656213706,16.4039343786294
용산구한강로3가,용산구한강로동,2006.5164217475965,16.483578252403504
용산구한남동,용산구한남동,2000.4704827134628,22.529517286537157
용산구효창동,용산구효창동,2011.0336580988671,11.966341901132864
용산구후암동,용산구후암동,1999.694923459167,23.305076540832943
은평구갈현동,은평구갈현제1동,2002.7082175212495,20.29178247875052
은평구갈현동,은평구갈현제2동,2002.7082175212495,20.29178247875052
은평구구산동,은평구구산동,2007.5668628667067,15.433137133293258
은평구녹번동,은평구녹번동,2012.8116367361238,10.188363263876226
은평구대조동,은평구대조동,2012.3682042155344,10.631795784465567
은평구불광동,은평구불광제1동,2006.2464700732135,16.75352992678654
은평구불광동,은평구불광제2동,2006.2464700732135,16.75352992678654
은평구수색동,은평구수색동,2009.7270451155027,13.272954884497267
은평구신사동,은평구신사제1동,2003.4701735502986,19.52982644970143
은평구신사동,은평구신사제2동,2003.4701735502986,19.52982644970143
은평구역촌동,은평구역촌동,2006.2998510521081,16.700148947891876
은평구응암동,은평구응암제1동,2011.8086759955745,11.191324004425496
은평구응암동,은평구응암제2동,2011.8086759955745,11.191324004425496
은평구응암동,은평구응암제3동,2011.8086759955745,11.191324004425496
은평구증산동,은평구증산동,2007.074206506552,15.925793493448055
은평구진관동,은평구진관동,2013.9368388854173,9.063161114582726
종로구구기동,종로구평창동,2003.984048027444,19.015951972555968
종로구내수동,종로구사직동,2000.6346153846155,22.365384615384528
종로구누상동,종로구청운효자동,2000.5,22.5
종로구당주동,종로구사직동,1981.75,41.25
종로구동숭동,종로구이화동,1998.0533333333333,24.946666666666715
종로구명륜1가,종로구혜화동,2004.0928861788618,18.907113821138182
종로구명륜2가,종로구혜화동,1997.9780830280831,25.02191697191688
종로구무악동,종로구무악동,2000.826562339398,22.173437660602076
종로구사직동,종로구사직동,2002.825,20.174999999999955
종로구숭인동,종로구숭인제1동,2007.2720140982567,15.727985901743295
종로구숭인동,종로구숭인제2동,2007.2720140982567,15.727985901743295
종로구신교동,종로구청운효자동,1999.662962962963,23.337037037036907
종로구신문로1가,종로구사직동,1981.0,42.0
종로구신문로2가,종로구사직동,2018.0,5.0
종로구연건동,종로구이화동,2003.5,19.5
종로구연지동,종로구종로5.6가동,2016.875,6.125
종로구익선동,종로구종로1.2.3.4가동,2001.5833333333335,21.416666666666515
종로구인의동,종로구종로1.2.3.4가동,2006.0,17.0
종로구창신동,종로구창신제1동,1997.7058855002676,25.29411449973236
종로구창신동,종로구창신제2동,1997.7058855002676,25.29411449973236
종로구창신동,종로구창신제3동,1997.7058855002676,25.29411449973236
종로구청운동,종로구청운효자동,2002.46875,20.53125
종로구충신동,종로구종로5.6가동,2017.5423976608188,5.457602339181221
종로구평동,종로구교남동,2017.0,6.0
종로구평창동,종로구평창동,1998.2709661450788,24.729033854921227
종로구필운동,종로구사직동,1994.5,28.5
종로구행촌동,종로구교남동,1985.4183544303798,37.58164556962015
종로구홍파동,종로구교남동,2011.1333333333332,11.866666666666788
종로구효제동,종로구종로5.6가동,2018.1999999999998,4.800000000000182
중구남창동,중구회현동,1987.0,36.0
중구만리동1가,중구중림동,2012.6216216216217,10.37837837837833
중구만리동2가,중구중림동,2017.0661764705883,5.933823529411711
중구묵정동,중구필동,1992.6666666666667,30.333333333333258
중구묵정동,중구장충동,1992.6666666666667,30.333333333333258
중구산림동,중구을지로동,1972.0,51.0
중구순화동,중구소공동,2011.6076680672268,11.392331932773232
중구순화동,중구회현동,2011.6076680672268,11.392331932773232
중구신당동,중구신당동,2005.0430210266732,17.95697897332684
중구신당동,중구다산동,2005.0430210266732,17.95697897332684
중구신당동,중구약수동,2005.0430210266732,17.95697897332684
중구신당동,중구청구동,2005.0430210266732,17.95697897332684
중구신당동,중구신당제5동,2005.0430210266732,17.95697897332684
중구신당동,중구동화동,2005.0430210266732,17.95697897332684
중구예장동,중구명동,2006.55,16.450000000000045
중구예장동,중구필동,2006.55,16.450000000000045
중구오장동,중구광희동,2020.1235431235432,2.876456876456814
중구을지로5가,중구을지로동,2006.0,17.0
중구인현동2가,중구광희동,1997.5669934640523,25.433006535947698
중구입정동,중구을지로동,2023.0,0.0
중구장충동1가,중구장충동,2006.9425120772949,16.05748792270515
중구장충동2가,중구필동,1993.2708333333333,29.729166666666742
중구장충동2가,중구장충동,1993.2708333333333,29.729166666666742
중구정동,중구소공동,2019.140625,3.859375
중구중림동,중구중림동,2003.4937728937728,19.506227106227243
중구충무로4가,중구필동,1991.6195652173913,31.380434782608745
중구충무로4가,중구광희동,1991.6195652173913,31.380434782608745
중구충무로5가,중구필동,2017.1807692307693,5.819230769230671
중구충무로5가,중구광희동,2017.1807692307693,5.819230769230671
중구황학동,중구황학동,2012.6921261473738,10.307873852626244
중구회현동1가,중구회현동,2009.1300366300368,13.869963369963216
중구회현동1가,중구명동,2009.1300366300368,13.869963369963216
중구회현동2가,중구회현동,2011.3333333333333,11.666666666666742
중구회현동2가,중구명동,2011.3333333333333,11.666666666666742
중구흥인동,중구신당동,2014.198198198198,8.801801801801957
중랑구망우동,중랑구망우본동,2009.5899301098275,13.410069890172508
중랑구망우동,중랑구망우제3동,2009.5899301098275,13.410069890172508
중랑구면목동,중랑구면목제2동,2011.508067315472,11.49193268452791
중랑구면목동,중랑구면목제4동,2011.508067315472,11.49193268452791
중랑구면목동,중랑구면목제5동,2011.508067315472,11.49193268452791
중랑구면목동,중랑구면목본동,2011.508067315472,11.49193268452791
중랑구면목동,중랑구면목제7동,2011.508067315472,11.49193268452791
중랑구면목동,중랑구면목제3.8동,2011.508067315472,11.49193268452791
중랑구묵동,중랑구묵제1동,2008.1926351383809,14.807364861619135
중랑구묵동,중랑구묵제2동,2008.1926351383809,14.807364861619135
중랑구상봉동,중랑구상봉제1동,2011.0024878091258,11.997512190874204
중랑구상봉동,중랑구상봉제2동,2011.0024878091258,11.997512190874204
중랑구신내동,중랑구신내1동,2003.264220846616,19.7357791533841
중랑구신내동,중랑구신내2동,2003.264220846616,19.7357791533841
중랑구중화동,중랑구중화제1동,2007.2859166113963,15.71408338860374
중랑구중화동,중랑구중화제2동,2007.2859166113963,15.71408338860374
강서구개화동,강서구방화제2동,2014.0,9.0
강서구외발산동,강서구발산제1동,2006.5833333333335,16.416666666666515
광진구능동,광진구능동,2013.241392801252,9.758607198747995
구로구궁동,구로구수궁동,2005.9730082048925,17.026991795107506
마포구구수동,마포구신수동,2008.28165374677,14.718346253230038
마포구당인동,마포구서강동,1996.35,26.65000000000009
서대문구옥천동,서대문구천연동,2000.8333333333335,22.166666666666515
성북구동선동2가,성북구동선동,2001.25,21.75
성북구동선동3가,성북구동선동,2016.1794871794873,6.820512820512704
성북구동선동5가,성북구동선동,2008.650793650794,14.349206349206042
성북구동소문동1가,성북구성북동,2004.3333333333335,18.666666666666515
성북구동소문동6가,성북구동선동,2006.111111111111,16.888888888888914
성북구보문동5가,성북구보문동,2009.9666666666667,13.033333333333303
성북구보문동7가,성북구보문동,2013.5,9.5
성북구삼선동1가,성북구삼선동,2000.1388888888887,22.861111111111313
성북구삼선동5가,성북구삼선동,2014.2719298245615,8.72807017543846
성북구성북동,성북구성북동,1996.5606113537117,26.439388646288307
성북구안암동2가,성북구안암동,2002.625,20.375
성북구안암동4가,성북구안암동,1995.5,27.5
영등포구영등포동6가,영등포구영등포동,2017.701754385965,5.298245614035068
용산구갈월동,용산구남영동,2002.0060975609756,20.993902439024396
용산구남영동,용산구남영동,2007.1666666666665,15.833333333333485
용산구동빙고동,용산구서빙고동,1997.0015873015873,25.99841269841272
용산구서계동,용산구청파동,2000.397830018083,22.602169981917086
용산구신창동,용산구원효로제2동,2014.3465608465606,8.653439153439422
용산구주성동,용산구서빙고동,1979.3846153846152,43.615384615384755
용산구청파동2가,용산구청파동,2012.6168224299065,10.383177570093494
종로구계동,종로구가회동,1997.75,25.25
종로구명륜3가,종로구혜화동,1999.7074074074073,23.292592592592655
종로구부암동,종로구부암동,2001.6261904761905,21.37380952380954
종로구신영동,종로구부암동,2000.3012820512822,22.698717948717785
종로구옥인동,종로구청운효자동,1987.7857142857144,35.21428571428555
종로구원서동,종로구가회동,1998.3815789473683,24.618421052631675
종로구이화동,종로구이화동,2010.8333333333333,12.166666666666742
종로구혜화동,종로구혜화동,2006.6031746031747,16.396825396825307
종로구홍지동,종로구부암동,1987.75,35.25
종로구효자동,종로구청운효자동,2004.5,18.5
중구남산동2가,중구명동,2002.0,21.0
중구쌍림동,중구광희동,2014.5,8.5
중구을지로6가,중구광희동,2019.0,4.0
중구필동3가,중구필동,2003.1447368421052,19.855263157894797
서대문구미근동,서대문구충현동,1971.0,52.0
성북구동선동1가,성북구동선동,2013.1428571428573,9.857142857142662
성북구보문동1가,성북구보문동,2017.5,5.5
영등포구문래동4가,영등포구문래동,2003.428571428571,19.571428571428896
종로구견지동,종로구종로1.2.3.4가동,2008.0,15.0
종로구교북동,종로구교남동,2014.4117647058824,8.588235294117567
종로구낙원동,종로구종로1.2.3.4가동,1968.0,55.0
종로구수송동,종로구종로1.2.3.4가동,2005.0,18.0
종로구통인동,종로구청운효자동,2000.3,22.700000000000045
중구남대문로5가,중구회현동,2010.0,13.0
중구필동1가,중구필동,1972.0,51.0
서대문구대신동,서대문구신촌동,2010.75,12.25
서대문구봉원동,서대문구신촌동,1991.0,32.0
서대문구신촌동,서대문구신촌동,2006.5,16.5
서초구염곡동,서초구내곡동,2019.0,4.0
영등포구문래동1가,영등포구문래동,2023.0,0.0
용산구용산동3가,용산구한강로동,2011.1666666666667,11.833333333333258
종로구관수동,종로구종로1.2.3.4가동,2020.0,3.0
종로구누하동,종로구청운효자동,2015.0,8.0
종로구명륜4가,종로구혜화동,2013.5,9.5
종로구체부동,종로구사직동,1997.3333333333333,25.666666666666742
중구광희동2가,중구광희동,2014.4444444444443,8.555555555555657
중구필동2가,중구필동,2018.0,5.0
