,population,density,foreign_rate,bsc_lvlhood_ratio,ave_income_amt,label
종로구사직동,9362.0,2.0,0.0291604358043153,0.0273522975929978,6334.0325,1
종로구삼청동,2576.0,2.0,0.1160714285714285,0.0399290150842945,5499.561428571428,0
종로구부암동,9377.0,2.0,0.0282606377306174,0.0421511627906976,5256.25,1
종로구평창동,17658.0,2.0,0.0103069430286555,0.0199750312109862,8318.69,0
종로구무악동,8015.0,3.0,0.0038677479725514,0.06843853820598,4367.37,1
종로구교남동,9916.0,2.0,0.0168414683340056,0.0491428571428571,5030.56,1
종로구가회동,4031.0,2.0,0.0300173654180104,0.0398138572905894,5812.8675,0
종로구종로1.2.3.4가동,8582.0,1.0,0.2192962013516662,0.1590449210845811,5719.91551724138,0
종로구종로5.6가동,5921.0,2.0,0.0817429488262117,0.088097210715272,3923.768,1
종로구이화동,7601.0,2.0,0.0782791737929219,0.0674315148677124,3938.353333333334,0
종로구창신1동,5401.0,2.0,0.1499722273653027,0.1866616989567809,3468.01,0
종로구창신2동,8684.0,2.0,0.127360663288807,0.1228728728728728,3468.01,0
종로구창신3동,6574.0,2.0,0.0243383024034073,0.0889769452449567,3468.01,0
종로구숭인1동,6064.0,2.0,0.0517810026385224,0.0995292535305985,3917.41,0
종로구숭인2동,10541.0,1.0,0.0745659804572621,0.0722983257229832,3917.41,0
종로구청운효자동,11700.0,2.0,0.0161538461538461,0.0447615324472243,5918.11,0
종로구혜화동,19346.0,2.0,0.1699576139770495,0.0412863972186006,5352.621666666667,0
중구소공동,3559.0,2.0,0.3798819893228435,0.0391061452513966,6555.4,0
중구회현동,5166.0,2.0,0.13511420828494,0.1822117276662731,7377.964444444444,0
중구명동,3610.0,2.0,0.2545706371191136,0.0647632311977715,9192.548,0
중구필동,4905.0,2.0,0.1891946992864424,0.0418359057676685,4662.44,0
중구장충동,5423.0,2.0,0.1517610178867785,0.0546086956521739,5001.513333333333,0
중구광희동,7113.0,1.0,0.2013215239701954,0.0602597402597402,4007.166,0
중구을지로동,2906.0,1.0,0.088093599449415,0.0776902887139107,4282.371,0
중구신당5동,10438.0,2.0,0.0325732899022801,0.0959264126149802,4103.73,0
중구황학동,13711.0,2.0,0.0657136605645102,0.0720623823608496,3607.53,1
중구중림동,12269.0,2.0,0.0268155513896813,0.1084001394214011,3599.73,1
중구신당동,9007.0,2.0,0.1667591872987676,0.0925925925925925,3788.8466666666664,1
중구다산동,13886.0,2.0,0.0347832349128618,0.0741119719339278,4103.73,1
중구약수동,16512.0,2.0,0.0139292635658914,0.1213679609154024,4103.73,1
중구청구동,13361.0,2.0,0.0184866402215403,0.1241724527692556,4103.73,1
중구동화동,10188.0,3.0,0.0169807616804083,0.0544405418966382,4103.73,1
용산구후암동,16638.0,2.0,0.0294506551268181,0.1095410628019323,4855.74,1
용산구용산2가동,10262.0,2.0,0.1236601052426427,0.1187904967602591,4740.91,0
용산구남영동,7465.0,1.0,0.0672471533824514,0.2778900565885206,4905.6625,1
용산구원효로1동,17851.0,2.0,0.0376449498627527,0.0415996569100461,4174.71,0
용산구원효로2동,13826.0,2.0,0.0081006798784898,0.0736977906789227,4560.530000000001,0
용산구효창동,10895.0,2.0,0.0126663607159247,0.0278481012658227,5484.75,1
용산구용문동,11571.0,2.0,0.0096793708408953,0.0830821401657875,4293.065,0
용산구이촌1동,25604.0,3.0,0.0240587408217466,0.0074292581667212,7292.89,0
용산구이촌2동,8036.0,2.0,0.0088352414136386,0.0483602001111728,7292.89,0
용산구이태원1동,7990.0,2.0,0.2385481852315394,0.0731566820276497,7216.47,0
용산구이태원2동,10326.0,2.0,0.1620182064691071,0.0571902196435971,7216.47,0
용산구서빙고동,13430.0,2.0,0.0659717051377513,0.0638965111720893,7408.135,1
용산구보광동,13840.0,2.0,0.0976878612716763,0.1558106169296987,7137.76,1
용산구청파동,19800.0,2.0,0.0382828282828282,0.1020114942528735,4439.9625,1
용산구한강로동,22839.0,2.0,0.0728578309032794,0.0361711513012792,6175.494000000001,1
용산구한남동,21696.0,2.0,0.1179941002949852,0.0583905789990186,8144.87,1
성동구왕십리2동,16572.0,2.0,0.022206130823075,0.0745518739815317,4120.57,0
성동구마장동,22517.0,2.0,0.0290003108762268,0.076697785099762,3957.2,1
성동구사근동,14080.0,1.0,0.1444602272727272,0.0311669485382942,4554.885,1
성동구행당1동,13994.0,2.0,0.0202229526940117,0.0654393564356435,5223.06,0
성동구행당2동,23083.0,2.0,0.0042022267469566,0.0930006480881399,5223.06,0
성동구응봉동,15014.0,3.0,0.0037964566404688,0.0386814665321224,5162.03,1
성동구금호1가동,15024.0,2.0,0.0057907348242811,0.1178446038772706,3765.25,0
성동구금호4가동,14405.0,2.0,0.0088858035404373,0.0688580775821779,4285.78,0
성동구성수1가1동,15895.0,2.0,0.0192513368983957,0.0690718884120171,6728.64,0
성동구성수1가2동,12274.0,2.0,0.0159687143555483,0.0448010698762955,6728.64,0
성동구성수2가1동,15321.0,2.0,0.0309379283336596,0.1056574528545595,5657.18,0
성동구성수2가3동,10447.0,2.0,0.0228773810663348,0.0471609130352763,5657.18,0
성동구송정동,10302.0,2.0,0.0382450009706853,0.1357182371381154,4369.43,0
성동구용답동,12821.0,2.0,0.0748771546681226,0.1220582369365775,4292.83,1
성동구왕십리도선동,26903.0,2.0,0.0185109467345649,0.0753435863874345,4153.84,1
성동구금호2.3가동,22219.0,2.0,0.0074710833070795,0.0778182554138838,4284.52,0
성동구옥수동,25693.0,2.0,0.0097302767290701,0.0495021866567414,5073.55,1
광진구화양동,27438.0,1.0,0.1461476784022159,0.0400087690452702,6177.5,1
광진구군자동,21530.0,2.0,0.1040408732001857,0.0808817072099762,5455.82,0
광진구중곡1동,15766.0,2.0,0.0256881897754661,0.114507352089846,5054.02,0
광진구중곡2동,21111.0,2.0,0.0158685045710766,0.0876617288580536,5054.02,0
광진구중곡3동,16119.0,2.0,0.0158818785284446,0.1407035175879397,5054.02,0
광진구중곡4동,28142.0,2.0,0.0129344040935256,0.1169563891430314,5054.02,0
광진구능동,11564.0,2.0,0.0338983050847457,0.0592787494195944,6992.71,0
광진구구의1동,24075.0,2.0,0.0281204569055036,0.0741078208048595,6037.69,0
광진구구의2동,26410.0,2.0,0.0216584627035213,0.0983150946673614,6037.69,0
광진구구의3동,28281.0,2.0,0.0084862628619921,0.0457629923866269,6037.69,0
광진구광장동,34237.0,3.0,0.005812425154073,0.0229078613693998,5997.21,1
광진구자양1동,22979.0,2.0,0.0380347273597632,0.1071724366407155,5425.21,0
광진구자양2동,24059.0,2.0,0.0132175069620516,0.0814801144228107,5425.21,0
광진구자양3동,27713.0,2.0,0.0116551798794789,0.0346206269877328,5425.21,0
광진구자양4동,21396.0,2.0,0.1610581417087306,0.0974398909763457,5425.21,0
동대문구전농1동,29227.0,2.0,0.0217607007219351,0.1239373903656726,3700.46,0
동대문구전농2동,18540.0,2.0,0.022168284789644,0.1062706270627062,3700.46,0
동대문구답십리1동,28434.0,2.0,0.0148062179081381,0.0672987255206714,3673.98,0
동대문구답십리2동,27918.0,2.0,0.0098860949924779,0.1049141030763084,3673.98,0
동대문구장안1동,38402.0,2.0,0.0166397583459194,0.0880865640802566,3908.2,0
동대문구장안2동,32768.0,2.0,0.00927734375,0.0957387160078497,3908.2,0
동대문구회기동,13577.0,2.0,0.2284009722324519,0.0541989279332936,4522.99,1
동대문구휘경1동,16279.0,2.0,0.1459549112353338,0.0495125705489994,4105.24,0
동대문구휘경2동,25325.0,2.0,0.0358538993089832,0.0550121292745911,4105.24,0
동대문구이문1동,21266.0,2.0,0.1609141352393492,0.0692515611893,3796.7,0
동대문구이문2동,20026.0,2.0,0.0257665035453909,0.1161372007366482,3796.7,0
동대문구청량리동,19438.0,2.0,0.0285008745755736,0.1725983939724397,3244.28,1
동대문구용신동,38161.0,2.0,0.0436309321034564,0.0799086757990867,3358.375,1
동대문구제기동,26306.0,2.0,0.0883068501482551,0.1172926738564522,3409.0,1
중랑구면목2동,24153.0,2.0,0.0158158406823168,0.14012582727347,3647.99,0
중랑구면목4동,18645.0,2.0,0.0160901045856798,0.2019897160742231,3647.99,0
중랑구면목5동,14769.0,2.0,0.0090053490419121,0.1262618419009163,3647.99,0
중랑구면목7동,21732.0,2.0,0.015000920301859,0.1071630537229029,3647.99,0
중랑구상봉1동,23537.0,2.0,0.0068827803033521,0.1692505184161153,3987.76,0
중랑구상봉2동,20613.0,2.0,0.0190171251152185,0.0891097107771853,3987.76,0
중랑구중화1동,19128.0,2.0,0.0101421999163529,0.1232983708993528,3967.03,0
중랑구중화2동,24643.0,2.0,0.0181390252810128,0.184700257447591,3967.03,0
중랑구묵1동,34094.0,2.0,0.0065114096321933,0.0845305713331106,4176.23,0
중랑구묵2동,18597.0,2.0,0.0141958380383932,0.1186751537382673,4176.23,0
중랑구망우3동,16219.0,2.0,0.0236142795486774,0.2335562310030395,3927.86,0
중랑구신내1동,38472.0,3.0,0.0041068829278436,0.1401737967914438,3837.79,1
중랑구신내2동,19975.0,2.0,0.004055068836045,0.1609657947686116,3837.79,1
중랑구면목본동,33677.0,2.0,0.0221219229741366,0.1429777652687869,3647.99,1
중랑구면목3.8동,25045.0,2.0,0.0175683769215412,0.1534746026799626,3647.99,0
중랑구망우본동,36017.0,2.0,0.0115223366743482,0.1322309385405496,3927.86,1
성북구돈암1동,14463.0,2.0,0.0072599045841111,0.1024752475247524,3783.38,0
성북구돈암2동,23594.0,3.0,0.0048317368822582,0.0436158986985578,3783.38,0
성북구안암동,17178.0,2.0,0.1225986727209221,0.0486721195597293,4147.164,0
성북구보문동,16703.0,2.0,0.0247260971083038,0.0595953402820355,3598.192857142857,0
성북구정릉1동,18070.0,2.0,0.0123962368566685,0.0576294277929155,3757.225,0
성북구정릉2동,22940.0,2.0,0.0112467306015693,0.076127347594657,3726.145,0
성북구정릉3동,16705.0,2.0,0.0953606704579467,0.0912717601547388,3668.91,0
성북구정릉4동,24731.0,2.0,0.0185192673163236,0.0787328640237124,3668.91,0
성북구길음1동,34957.0,3.0,0.0042051663472265,0.047523480773862,3845.54,0
성북구길음2동,22003.0,2.0,0.006180975321547,0.0588705077010838,3693.005,0
성북구월곡1동,26036.0,2.0,0.0082962052542633,0.0939721222191452,3540.47,0
성북구월곡2동,19693.0,2.0,0.0299598842228202,0.076891447368421,3505.88,0
성북구장위1동,23936.0,2.0,0.0094000668449197,0.1884831460674157,3804.88,0
성북구장위2동,13518.0,2.0,0.018050007397544,0.1623415811707906,3804.88,0
성북구장위3동,15915.0,2.0,0.0089224002513352,0.0908951563458001,3804.88,0
성북구성북동,16701.0,2.0,0.0382611819651517,0.0510554737358861,5206.7575,1
성북구삼선동,23026.0,2.0,0.0272300877269173,0.0750737719145981,3942.5425,1
성북구동선동,15884.0,2.0,0.0545202719717955,0.047653730100926,4103.21875,1
성북구종암동,39904.0,2.0,0.0483911387329591,0.0816433566433566,3674.34,1
성북구석관동,35108.0,2.0,0.0253218639626296,0.1125096939688599,3600.15,1
강북구번1동,18455.0,2.0,0.0299105933351395,0.1177546697477373,3640.1,1
강북구번2동,15188.0,2.0,0.0053989992099025,0.2525780099102718,3640.1,1
강북구번3동,16514.0,2.0,0.0040571636187477,0.3738060970822975,3640.1,1
강북구수유1동,20360.0,2.0,0.0140962671905697,0.1469294050124354,3657.81,1
강북구수유2동,20931.0,2.0,0.0083130285222875,0.1391198539849929,3657.81,1
강북구수유3동,23781.0,2.0,0.0346915604894663,0.1275237529691211,3657.81,1
강북구삼양동,22887.0,2.0,0.0083016559618997,0.1591013296652911,3467.21,1
강북구미아동,21655.0,2.0,0.0283537289309628,0.1093643198906356,3467.21,1
강북구송중동,29645.0,2.0,0.0220273233260246,0.1076801834073649,3467.21,1
강북구송천동,25610.0,2.0,0.0167122217883639,0.1427922814982974,3467.21,1
강북구삼각산동,30866.0,3.0,0.003660986198406,0.114387303789784,3467.21,1
강북구우이동,20202.0,2.0,0.0084645084645084,0.127215849843587,3668.815,1
강북구인수동,29679.0,2.0,0.0078506688230735,0.1485273492286115,3657.81,1
도봉구쌍문1동,21292.0,2.0,0.0209468344918279,0.1349491955969517,3714.43,0
도봉구쌍문2동,18278.0,2.0,0.00798774482985,0.1242818618829874,3714.43,0
도봉구쌍문3동,16792.0,2.0,0.0103620771796093,0.1142752829499817,3714.43,0
도봉구쌍문4동,18273.0,3.0,0.0029551797734362,0.0507614213197969,3714.43,0
도봉구방학1동,28162.0,2.0,0.0086641573751864,0.1444925742574257,3824.87,0
도봉구방학2동,19026.0,2.0,0.010249132765689,0.2660162601626016,3824.87,0
도봉구방학3동,26363.0,3.0,0.0026173045556272,0.0411165978030837,3824.87,0
도봉구창1동,24358.0,2.0,0.0064455209787338,0.0558033682294037,3733.22,0
도봉구창2동,28694.0,2.0,0.0097929880811319,0.1027211966900063,3733.22,0
도봉구창3동,13457.0,2.0,0.0072824552277625,0.1788983708301008,3733.22,0
도봉구창4동,26006.0,2.0,0.0039606244712758,0.0332260507383566,3733.22,0
도봉구창5동,24137.0,2.0,0.0053444918589717,0.0609684947491248,3733.22,0
도봉구도봉1동,20397.0,2.0,0.0073540226503897,0.1562378167641325,3597.97,0
도봉구도봉2동,26151.0,2.0,0.0058888761424037,0.0920648464163822,3597.97,0
노원구월계1동,21484.0,2.0,0.0318841928877304,0.0886856233843706,3981.4,1
노원구월계2동,25980.0,2.0,0.0056197074672825,0.2661235573659199,3981.4,1
노원구월계3동,29131.0,2.0,0.0060760015104184,0.161400512382579,3981.4,1
노원구공릉1동,36967.0,2.0,0.0196661887629507,0.1314813819783998,4722.2,1
노원구공릉2동,42565.0,2.0,0.0202748737225419,0.0542531062011581,4722.2,1
노원구하계1동,27174.0,2.0,0.0205343342901302,0.2332155477031802,4133.37,0
노원구하계2동,21423.0,3.0,0.0026140129767072,0.1519157791651365,4133.37,0
노원구중계본동,23161.0,3.0,0.0026769137774707,0.0754716981132075,3321.14,0
노원구중계1동,26489.0,3.0,0.0040016610668579,0.0882188095504988,3321.14,0
노원구중계4동,19464.0,2.0,0.0059083436087135,0.2225461613216715,3321.14,1
노원구상계1동,37422.0,2.0,0.0039816150927262,0.1223312175418349,3676.98,1
노원구상계2동,19566.0,2.0,0.008228559746499,0.120585501858736,3676.98,1
노원구상계5동,23436.0,2.0,0.0059310462536268,0.1881224303334856,3676.98,1
노원구상계8동,22056.0,2.0,0.0021309394269133,0.0387443749314016,3676.98,1
노원구상계9동,19895.0,2.0,0.004423221915054,0.0632865875584322,3676.98,1
노원구상계10동,18316.0,2.0,0.0034942127101987,0.0572289156626506,3676.98,1
노원구중계2.3동,33059.0,2.0,0.0037508696572794,0.3271276595744681,3321.14,0
노원구상계3.4동,25119.0,2.0,0.0047772602412516,0.2247481270989408,3676.98,1
노원구상계6.7동,31934.0,2.0,0.0046971879501471,0.0774374460742019,3676.98,1
은평구녹번동,36715.0,2.0,0.0107040719052158,0.0990429809162466,4622.89,1
은평구불광1동,37995.0,2.0,0.0068430056586392,0.1041396789636722,4340.3,0
은평구불광2동,27230.0,2.0,0.0086301872934263,0.1585409126392733,4340.3,0
은평구갈현1동,14993.0,2.0,0.0105382511838858,0.2391015417331206,4394.9,0
은평구갈현2동,27963.0,2.0,0.0090834316775739,0.1157760814249363,4394.9,0
은평구구산동,31861.0,2.0,0.0069363799001914,0.1135674676524953,4537.62,1
은평구대조동,27650.0,2.0,0.0130922242314647,0.1048721151949503,4531.56,1
은평구응암1동,33232.0,2.0,0.0094788155994222,0.0764596848934198,4056.6,0
은평구응암2동,27885.0,2.0,0.0071005917159763,0.0963629880549117,4056.6,0
은평구응암3동,24019.0,2.0,0.015862442233232,0.1525585844093735,4056.6,0
은평구신사1동,26889.0,2.0,0.0080702145858901,0.0912033195020746,3946.82,0
은평구신사2동,19333.0,2.0,0.0076035793720581,0.1276814240073026,3946.82,0
은평구증산동,18625.0,2.0,0.0080536912751677,0.0847668910496135,4411.64,1
은평구수색동,13319.0,2.0,0.0060064569412118,0.1022443890274314,3952.18,1
은평구진관동,54896.0,3.0,0.0039711454386476,0.0743925233644859,3885.86,0
은평구역촌동,44690.0,2.0,0.0091295591855001,0.1140215716486903,4606.14,1
서대문구천연동,16892.0,2.0,0.0119583234667298,0.0984977139124755,3785.184,1
서대문구홍제1동,25120.0,2.0,0.0098328025477707,0.0711701935250497,4138.59,0
서대문구홍제2동,13335.0,2.0,0.0071991001124859,0.1036870347931452,4138.59,0
서대문구홍제3동,17938.0,2.0,0.009365592596722,0.0937655860349127,4138.59,0
서대문구홍은1동,22639.0,2.0,0.0102919740271213,0.0797502047502047,3830.59,0
서대문구홍은2동,29559.0,2.0,0.0270983456815183,0.0928949357520786,3830.59,0
서대문구남가좌1동,16966.0,3.0,0.0143227631734056,0.0465455724943237,3944.75,0
서대문구남가좌2동,30497.0,2.0,0.0402990458077843,0.099379810206979,3944.75,0
서대문구북가좌1동,17762.0,3.0,0.0055173966895619,0.0796836091987695,4564.93,0
서대문구북가좌2동,31167.0,2.0,0.0108448037988898,0.1042709261671351,4564.93,0
서대문구충현동,20242.0,2.0,0.0229226361031518,0.0711384127613197,4254.448,1
서대문구북아현동,15873.0,2.0,0.0182070182070182,0.0838500563697857,4378.6,1
서대문구신촌동,26477.0,1.0,0.2315216980775767,0.0358967464372143,5090.054,0
서대문구연희동,37259.0,2.0,0.082288842964116,0.0497057249866238,6218.82,1
마포구용강동,21705.0,2.0,0.0194885970974429,0.0464539771502479,5032.53,1
마포구대흥동,16147.0,2.0,0.106087818170558,0.0550301925487068,4978.400000000001,1
마포구염리동,17715.0,2.0,0.0499576629974597,0.0519097667264803,4519.12,1
마포구신수동,22569.0,2.0,0.0168372546413221,0.0409672262190247,5214.954,1
마포구서교동,26522.0,2.0,0.0854007993363999,0.0272667971298108,7491.509999999999,0
마포구합정동,16897.0,2.0,0.0213647393028348,0.0611891891891891,7448.79,0
마포구망원1동,19632.0,2.0,0.0167583537082314,0.0708190289357528,5566.86,0
마포구망원2동,18312.0,2.0,0.0113586719091306,0.0630888491353607,5566.86,0
마포구연남동,15348.0,2.0,0.063200416992442,0.032139468690702,7419.95,0
마포구성산1동,18991.0,2.0,0.0189036912221578,0.0617924029203258,5903.98,0
마포구성산2동,39285.0,2.0,0.0086037927962326,0.1123399897593446,5616.92,0
마포구상암동,30650.0,2.0,0.0224796084828711,0.0957730986800754,5763.97,0
마포구도화동,20937.0,2.0,0.0120838706595978,0.0540279269602577,5109.549999999999,1
마포구서강동,25495.0,2.0,0.0336536575799176,0.0284469292115432,5632.798,1
마포구공덕동,37388.0,2.0,0.0168770728576013,0.0616331994645247,4406.8925,1
마포구아현동,28692.0,2.0,0.0178446953854733,0.0444708478316218,4621.3133333333335,1
양천구목1동,30403.0,3.0,0.0047034832088938,0.0333752539421495,5443.69,1
양천구목2동,29255.0,2.0,0.0073491710818663,0.0837888431299138,5443.69,1
양천구목3동,21533.0,2.0,0.0068731714113221,0.1084886949623165,5443.69,1
양천구목4동,24801.0,2.0,0.0065723156324341,0.0994216194654966,5443.69,1
양천구목5동,40548.0,3.0,0.002490875012331,0.0036621823617339,5443.69,1
양천구신월1동,20056.0,2.0,0.0132628639808536,0.1769494850416871,3644.81,1
양천구신월2동,21006.0,2.0,0.0075692659240217,0.0902921555095468,3644.81,1
양천구신월3동,14734.0,2.0,0.0124202524772634,0.1944836433611289,3644.81,1
양천구신월4동,17602.0,3.0,0.0058516077718441,0.0603762578387049,3644.81,1
양천구신월5동,14286.0,2.0,0.0088198236035279,0.1196754563894523,3644.81,1
양천구신월6동,13956.0,3.0,0.0042275723703066,0.0497956150130063,3644.81,1
양천구신월7동,18900.0,2.0,0.0075132275132275,0.1193630998775192,3644.81,1
양천구신정1동,19885.0,3.0,0.0052803620819713,0.0376682898882841,4828.51,1
양천구신정2동,18924.0,3.0,0.0049143944197844,0.1036443148688046,4828.51,1
양천구신정3동,50340.0,3.0,0.0064958283671036,0.1201959496995101,4828.51,1
양천구신정4동,32847.0,2.0,0.0196973848448869,0.1071102175105099,4828.51,1
양천구신정6동,23960.0,3.0,0.0009181969949916,0.0094235711663199,4828.51,1
양천구신정7동,28481.0,2.0,0.0056880025280011,0.1550583318822914,4828.51,1
강서구염창동,41521.0,3.0,0.0032995351749717,0.0140853584814411,5247.045,1
강서구등촌1동,25054.0,2.0,0.0089806018998962,0.0218112514999647,5654.74,0
강서구등촌2동,19636.0,2.0,0.0064167854960277,0.0504672897196261,5654.74,0
강서구등촌3동,29738.0,2.0,0.0056829645571322,0.3647986221515633,5654.74,0
강서구화곡본동,33781.0,2.0,0.0112489269115775,0.1089930734443872,4585.7,1
강서구화곡1동,52580.0,2.0,0.0184100418410041,0.0693086714958857,4585.7,0
강서구화곡2동,17617.0,2.0,0.0156666855877845,0.1134708737864077,4585.7,0
강서구화곡3동,21447.0,2.0,0.0066209726302046,0.0695000513294323,4585.7,0
강서구화곡4동,20233.0,2.0,0.0142341718973953,0.1268071045022717,4585.7,0
강서구화곡6동,25144.0,2.0,0.0108176901049952,0.0776144413131236,4585.7,0
강서구화곡8동,24172.0,2.0,0.0162584808869766,0.0969107067287346,4585.7,0
강서구가양1동,34357.0,2.0,0.0080915097360072,0.0146868870497057,5697.585,0
강서구가양2동,13706.0,2.0,0.0064205457463884,0.413818814465018,5241.12,0
강서구가양3동,14505.0,2.0,0.0063426404688038,0.2973633440514469,5241.12,0
강서구발산1동,36159.0,3.0,0.0083796565170496,0.114037028841189,5972.693333333334,0
강서구공항동,30550.0,2.0,0.0176759410801964,0.1274375764553501,4350.4766666666665,1
강서구방화1동,42789.0,2.0,0.0059127345813176,0.0697285771912637,5186.150000000001,0
강서구방화2동,23107.0,2.0,0.0116847708486605,0.1403885903265812,5123.665,0
강서구방화3동,22324.0,2.0,0.0056889446335782,0.2021673476638834,4573.18,0
강서구우장산동,43962.0,3.0,0.00491333424321,0.0414204715010444,5000.365,1
구로구신도림동,36024.0,3.0,0.0085220963801909,0.0134429746156596,4030.19,0
구로구구로1동,20814.0,2.0,0.0094167387335447,0.0119674485399712,3716.19,0
구로구구로2동,29413.0,2.0,0.2247305613164247,0.0919240485697987,3716.19,0
구로구구로3동,25025.0,2.0,0.0673726273726273,0.036043956043956,3716.19,0
구로구구로4동,22803.0,2.0,0.1694075340963908,0.0914302092290054,3716.19,0
구로구구로5동,31849.0,2.0,0.0797513265722628,0.0316024211532335,3716.19,0
구로구고척1동,26525.0,2.0,0.0116116870876531,0.0579496090356212,4061.91,0
구로구고척2동,26451.0,2.0,0.0173906468564515,0.1024925919470106,4061.91,0
구로구개봉1동,34100.0,2.0,0.0230791788856305,0.1097617935544138,4331.64,0
구로구개봉2동,30572.0,2.0,0.0135090932879759,0.064968356965473,4331.64,0
구로구개봉3동,20224.0,2.0,0.0188884493670886,0.0750456204379562,4331.64,0
구로구오류1동,23312.0,2.0,0.0279255319148936,0.0866514231648663,3740.72,0
구로구오류2동,38312.0,2.0,0.0157652954687826,0.1121790818262299,3692.225,0
구로구수궁동,23171.0,2.0,0.0130335332959302,0.0934738955823293,4177.055,1
구로구가리봉동,12623.0,1.0,0.2924027568723758,0.1043661743223502,4498.31,1
구로구항동,16556.0,3.0,0.008516549891278,0.0951926138172556,4215.71,0
금천구가산동,27043.0,1.0,0.0886366157600857,0.0446413643203477,4121.77,1
금천구독산1동,48046.0,2.0,0.0356741456104566,0.0706678411274823,4384.74,0
금천구독산2동,19400.0,2.0,0.0691752577319587,0.1408435777871979,4384.74,0
금천구독산3동,27135.0,2.0,0.1192187212087709,0.0851557066687273,4384.74,0
금천구독산4동,16350.0,2.0,0.0952293577981651,0.1202722156785761,4384.74,0
금천구시흥1동,33925.0,2.0,0.0473986735445836,0.099516790017738,4085.31,0
금천구시흥2동,20751.0,3.0,0.0053973302491446,0.156703775411423,4085.31,0
금천구시흥3동,10547.0,2.0,0.0146013084289371,0.0888030888030888,4085.31,0
금천구시흥4동,20390.0,2.0,0.0320745463462481,0.1396189224704336,4085.31,0
금천구시흥5동,18980.0,2.0,0.0294520547945205,0.1914663201212909,4085.31,0
영등포구여의동,32989.0,2.0,0.0119433750644154,0.0101010101010101,7904.0,1
영등포구당산1동,21301.0,2.0,0.0179334303553823,0.04951270449008,4059.48,0
영등포구당산2동,37188.0,2.0,0.0112401850059158,0.0155423979699725,4741.8324999999995,0
영등포구양평1동,18509.0,2.0,0.0146955535145064,0.0316596087920951,3497.8799999999997,0
영등포구양평2동,22702.0,2.0,0.009074090388512,0.0252337296904783,4458.1425,0
영등포구신길1동,20732.0,2.0,0.0643449739533088,0.0820914807476957,4604.09,0
영등포구신길3동,17194.0,2.0,0.0548447132720716,0.1068511198945981,4604.09,0
영등포구신길4동,13086.0,2.0,0.0565489836466452,0.1218965517241379,4604.09,0
영등포구신길5동,11078.0,2.0,0.0871998555695974,0.1245144583513163,4647.465,0
영등포구신길6동,18901.0,2.0,0.0352362308872546,0.0591325732170802,4604.09,0
영등포구신길7동,20032.0,3.0,0.0091853035143769,0.0366054464851171,4604.09,0
영등포구대림1동,16371.0,2.0,0.1452568566367356,0.0908182207625303,4690.84,0
영등포구대림2동,17718.0,2.0,0.3250931256349475,0.0735628912919749,4690.84,0
영등포구대림3동,25135.0,2.0,0.1337179232146409,0.0875048132460531,4690.84,0
영등포구영등포본동,22650.0,2.0,0.075364238410596,0.097813578826237,4472.8099999999995,1
영등포구영등포동,31206.0,1.0,0.0259565468179196,0.0753421501313303,3970.6244444444446,1
영등포구도림동,19665.0,2.0,0.0994660564454614,0.0834200124817973,4054.46,1
영등포구문래동,32385.0,2.0,0.0069785394472749,0.021007763738773,3570.1766666666663,0
동작구노량진1동,32573.0,2.0,0.0175912565621834,0.0723444861931174,5256.3,0
동작구노량진2동,11228.0,2.0,0.0688457427858924,0.1285444234404537,6067.18,0
동작구상도1동,46414.0,2.0,0.0447494290515792,0.054387205089688,5313.5,0
동작구상도2동,27953.0,2.0,0.0113404643508746,0.0415605095541401,5000.16,0
동작구상도3동,24462.0,2.0,0.0152481399722017,0.0933868063512849,5000.16,0
동작구상도4동,28401.0,2.0,0.0125347699024682,0.0978675328343454,5000.16,0
동작구사당1동,22989.0,2.0,0.0204010613771803,0.0569519105041406,5417.95,0
동작구사당2동,28662.0,2.0,0.0119670644058335,0.0467645891226677,5388.88,0
동작구사당3동,24141.0,2.0,0.0082846609502506,0.0555186485716997,5417.95,0
동작구사당4동,14044.0,2.0,0.0122472230133865,0.0773564165979664,5417.95,0
동작구사당5동,14355.0,2.0,0.0077324973876698,0.0558766859344894,5417.95,0
동작구대방동,36107.0,2.0,0.0088902428891904,0.0909580838323353,5745.48,1
동작구신대방1동,25163.0,2.0,0.071295155585582,0.0570146117849298,5184.02,0
동작구신대방2동,22387.0,2.0,0.0112565328092196,0.054969668688754,5184.02,0
동작구흑석동,31964.0,2.0,0.0653860593167313,0.0662266902002916,5409.45,1
관악구남현동,18025.0,2.0,0.0113730929264909,0.0369283690813435,6846.29,1
관악구보라매동,24589.0,2.0,0.0181381918744153,0.0880541403695536,4913.29,1
관악구청림동,14987.0,2.0,0.0066724494561953,0.096138936269189,4913.29,1
관악구행운동,29642.0,2.0,0.0173065245260103,0.056719022687609,4913.29,1
관악구낙성대동,18063.0,1.0,0.0305597076897525,0.0366729990914347,4913.29,1
관악구중앙동,15750.0,2.0,0.0244444444444444,0.0591900311526479,4913.29,1
관악구인헌동,26103.0,2.0,0.0145960234455809,0.0511356000537562,4913.29,1
관악구서원동,23704.0,2.0,0.0315558555518056,0.061179606797734,5017.06,1
관악구신원동,18623.0,2.0,0.0427428448692477,0.0985692969367155,5017.06,1
관악구서림동,24644.0,2.0,0.0433776984255802,0.0785545954438334,5017.06,1
관악구신사동,24810.0,2.0,0.0860137041515518,0.0853841946951052,5017.06,1
관악구신림동,24266.0,1.0,0.0363471523942965,0.0439047174217655,5017.06,1
관악구난향동,14991.0,2.0,0.0087385764792208,0.1054498548855208,5017.06,1
관악구조원동,20986.0,2.0,0.0669017440198227,0.059218059872403,5017.06,1
관악구대학동,27160.0,1.0,0.0957290132547864,0.0768095373261425,5017.06,1
관악구은천동,33149.0,2.0,0.0148119098615342,0.1013802067215448,4913.29,1
관악구성현동,28666.0,2.0,0.007011790971883,0.12828893610067,4913.29,1
관악구청룡동,37189.0,1.0,0.0282072655892871,0.04784963887065,4913.29,1
관악구난곡동,26255.0,2.0,0.0175204722909921,0.1653961653961654,5017.06,1
관악구삼성동,20363.0,2.0,0.0066787801404508,0.1648598895479648,5017.06,1
관악구미성동,30465.0,2.0,0.018217626784835,0.093732667775929,5017.06,1
서초구서초1동,20506.0,2.0,0.0087291524431873,0.0376162299239222,11087.97,1
서초구서초2동,27253.0,2.0,0.0159982387260118,0.0130322901967294,11087.97,1
서초구서초3동,32382.0,2.0,0.0105614230127848,0.0234855423263116,10690.475,1
서초구서초4동,30560.0,3.0,0.0087041884816753,0.0065347274085138,11087.97,1
서초구잠원동,26470.0,2.0,0.0069890442009822,0.0240735475310397,9797.19,1
서초구반포본동,282.0,2.0,0.0567375886524822,0.075187969924812,11426.04,1
서초구반포1동,34500.0,2.0,0.0106086956521739,0.0308958445763626,11426.04,1
서초구반포2동,15740.0,3.0,0.0068614993646759,0.0013994402239104,11426.04,1
서초구반포3동,23848.0,3.0,0.0025997987252599,0.0050030506406345,9797.19,1
서초구반포4동,19464.0,3.0,0.0371454993834771,0.0165464573610521,11426.04,1
서초구방배본동,20646.0,3.0,0.0077981207013465,0.0455290705006936,10292.98,1
서초구방배1동,16789.0,2.0,0.0086961701113824,0.0426837401627317,10292.98,1
서초구방배2동,18314.0,2.0,0.0063885552036693,0.0622789287518949,10292.98,1
서초구방배3동,17177.0,3.0,0.0094312161611457,0.0216566550742965,10292.98,1
서초구방배4동,23194.0,2.0,0.0140122445460032,0.0349905995404219,10292.98,1
서초구양재1동,42582.0,2.0,0.0081489831384152,0.1284449921577414,10627.835,1
서초구양재2동,21646.0,2.0,0.0124272382888293,0.0617036767382599,8988.68,1
서초구내곡동,17400.0,2.0,0.0033908045977011,0.1128340024920393,10243.98,0
강남구신사동,15799.0,2.0,0.0154440154440154,0.0360281195079086,14764.935,1
강남구논현1동,21954.0,2.0,0.0315660016397922,0.0634039444850255,13078.13,1
강남구논현2동,21003.0,2.0,0.0162357758415464,0.0430079155672823,13078.13,1
강남구삼성1동,12597.0,2.0,0.0200047630388187,0.0317160656975646,14687.22,1
강남구삼성2동,30724.0,2.0,0.0084624397864861,0.0342823512101817,14687.22,1
강남구대치1동,23829.0,3.0,0.0018884552436107,0.0023565289714444,13523.29,1
강남구대치2동,37180.0,3.0,0.0041420118343195,0.0108503270488649,13523.29,1
강남구대치4동,19131.0,2.0,0.0140609481992577,0.0667208286787854,13523.29,1
강남구역삼1동,35476.0,1.0,0.032359905288082,0.0453950424390861,14566.28,1
강남구역삼2동,37261.0,2.0,0.009151659912509,0.0359122983870967,14566.28,1
강남구도곡1동,20862.0,3.0,0.0061355574729172,0.0189316290847702,10121.65,1
강남구도곡2동,32662.0,3.0,0.0029085787765599,0.0071441017598884,10121.65,1
강남구개포1동,6891.0,3.0,0.0024669859236685,0.0617142857142857,8492.84,1
강남구개포2동,38873.0,3.0,0.002675378797623,0.0127313967952001,9551.995,1
강남구개포4동,23570.0,2.0,0.0074246924056003,0.0708395429706905,8492.84,1
강남구일원본동,22850.0,3.0,0.0011378555798687,0.0156191428214419,11959.76,1
강남구일원1동,14784.0,2.0,0.0096049783549783,0.2276510067114094,11959.76,1
강남구수서동,14280.0,2.0,0.0042016806722689,0.4372087001553599,13308.37,0
강남구세곡동,44386.0,2.0,0.0040778623890415,0.1244553087469444,10956.943333333336,0
강남구압구정동,25779.0,3.0,0.0066720974436556,0.0151666334065056,14764.935,1
강남구청담동,25303.0,2.0,0.0109473184997826,0.0221089982713128,14058.2,1
송파구풍납1동,12590.0,2.0,0.0401906274821286,0.091466619940424,5283.76,1
송파구풍납2동,24234.0,2.0,0.0082941322109433,0.0525198449326195,5283.76,1
송파구거여1동,12183.0,2.0,0.0060740375933678,0.100556652899982,5404.38,1
송파구거여2동,23805.0,2.0,0.0036546943919344,0.0795128230517873,5404.38,1
송파구마천1동,18459.0,2.0,0.0081261173411344,0.1889554991929905,4974.27,1
송파구마천2동,17961.0,2.0,0.0087411614052669,0.1766358422099964,4974.27,1
송파구방이1동,15349.0,2.0,0.006059026646687,0.0535422788116225,8640.37,1
송파구방이2동,26497.0,2.0,0.0212099482960335,0.0588388271243742,8640.37,1
송파구오륜동,17814.0,3.0,0.0011227124733355,0.0015259409969481,8640.37,1
송파구오금동,37838.0,2.0,0.0063428299593001,0.1028450595924644,6735.62,1
송파구송파1동,23882.0,2.0,0.0134410853362364,0.0465544871794871,8696.54,1
송파구송파2동,18812.0,3.0,0.0066978524346162,0.0499374043677841,8696.54,1
송파구석촌동,31467.0,2.0,0.0177328629993326,0.058747121686249,9495.45,1
송파구삼전동,29623.0,2.0,0.0127941126827127,0.0744290248304188,9961.98,0
송파구가락본동,25709.0,2.0,0.011202302695554,0.0633247643530419,7281.91,1
송파구가락1동,27711.0,3.0,0.0063873552019053,0.0113406237343053,7281.91,1
송파구가락2동,31507.0,3.0,0.0057130161551401,0.0466510083421073,7281.91,1
송파구문정1동,19785.0,2.0,0.007935304523629,0.0473944824333883,6878.3,1
송파구문정2동,28966.0,2.0,0.0064213215494027,0.0060698027314112,5882.6,1
송파구장지동,28943.0,2.0,0.0056317589745361,0.138797091870456,5882.6,1
송파구잠실본동,28355.0,2.0,0.0184799858931405,0.0594090396894954,10345.83,1
송파구잠실2동,35034.0,3.0,0.0029685448421533,0.0028534370946822,10345.83,1
송파구잠실3동,34110.0,3.0,0.0039871005570214,0.0045623521459952,10345.83,1
송파구잠실7동,9433.0,3.0,0.0012721297572352,0.0032602252519264,10345.83,1
송파구위례동,44802.0,3.0,0.0029016561760635,0.0747548179137233,5145.639999999999,1
강동구명일1동,25554.0,3.0,0.0037567504108945,0.0373282898666135,6783.31,0
강동구명일2동,17269.0,3.0,0.0034165267241878,0.0275384615384615,6783.31,0
강동구고덕1동,23981.0,3.0,0.0043784662858095,0.0380588742455967,7281.59,0
강동구고덕2동,22890.0,3.0,0.0071210135430318,0.0657130084935181,7281.59,0
강동구암사1동,34311.0,2.0,0.0084229547375477,0.1194827800571926,6043.68,0
강동구암사2동,14959.0,2.0,0.0046126077946386,0.0266834091979281,6043.68,0
강동구암사3동,17440.0,3.0,0.0024082568807339,0.0215140731154966,6043.68,0
강동구천호1동,26470.0,2.0,0.0099735549678881,0.1281180013900687,5327.28,0
강동구천호2동,33718.0,2.0,0.0185954089803665,0.1138276097339094,5327.28,0
강동구천호3동,26734.0,2.0,0.0182913144310615,0.096702993516347,5327.28,0
강동구성내1동,19734.0,2.0,0.007803790412486,0.0400823443933155,6010.61,0
강동구성내2동,23303.0,2.0,0.0238595888941338,0.0733785703014044,6010.61,0
강동구성내3동,22882.0,2.0,0.0141158989598811,0.0665912092058102,6010.61,0
강동구둔촌1동,70.0,2.0,0.1285714285714285,0.0263157894736842,5761.6,0
강동구둔촌2동,24169.0,2.0,0.0045926600190326,0.0518927292090231,5761.6,0
강동구길동,45142.0,2.0,0.0073988746621771,0.0745412321843267,6449.34,1
강동구강일동,32996.0,3.0,0.0056067402109346,0.1708749713936989,5334.875,0
