,populaion,density,foreign_rate,bsc_lvlhood_ratio,avg_income_amt,elder_ratio,label
종로구사직동,9362.0,2.0,0.0291604358043153,0.0273522975929978,8.75369235812426,0.2036053970360539,1.0
종로구삼청동,2576.0,2.0,0.1160714285714285,0.0399290150842945,8.612423627781398,0.2655417406749556,0.0
종로구부암동,9377.0,2.0,0.0282606377306174,0.0421511627906976,8.567173123721258,0.202823992994746,1.0
종로구평창동,17658.0,2.0,0.0103069430286555,0.0199750312109862,9.026260069495322,0.2052516913198027,0.0
종로구무악동,8015.0,3.0,0.0038677479725514,0.06843853820598,8.381916276253252,0.1877184223664503,1.0
종로구교남동,9916.0,2.0,0.0168414683340056,0.0491428571428571,8.523286588904789,0.1724742268041237,1.0
종로구가회동,4031.0,2.0,0.0300173654180104,0.0398138572905894,8.667829273703397,0.218266253869969,0.0
종로구종로1.2.3.4가동,8582.0,1.0,0.2192962013516662,0.1590449210845811,8.651709314551725,0.2600297176820208,0.0
종로구종로5.6가동,5921.0,2.0,0.0817429488262117,0.088097210715272,8.274807695593873,0.1976313841598815,1.0
종로구이화동,7601.0,2.0,0.0782791737929219,0.0674315148677124,8.278517979230314,0.1979107040641099,0.0
종로구창신1동,5401.0,2.0,0.1499722273653027,0.1866616989567809,8.15133622140262,0.265189734590919,0.0
종로구창신2동,8684.0,2.0,0.127360663288807,0.1228728728728728,8.15133622140262,0.2470494629359501,0.0
종로구창신3동,6574.0,2.0,0.0243383024034073,0.0889769452449567,8.15133622140262,0.2042706861359711,0.0
종로구숭인1동,6064.0,2.0,0.0517810026385224,0.0995292535305985,8.273186000130918,0.2197231833910034,0.0
종로구숭인2동,10541.0,1.0,0.0745659804572621,0.0722983257229832,8.273186000130918,0.1787956767884714,0.0
종로구청운효자동,11700.0,2.0,0.0161538461538461,0.0447615324472243,8.685772420148007,0.1897111754894214,0.0
종로구혜화동,19346.0,2.0,0.1699576139770495,0.0412863972186006,8.585341751016644,0.1679785107446277,0.0
중구소공동,3559.0,2.0,0.3798819893228435,0.0391061452513966,8.788044416456545,0.1245454545454545,0.0
중구회현동,5166.0,2.0,0.13511420828494,0.1822117276662731,8.906253059013055,0.2877208880833711,0.0
중구명동,3610.0,2.0,0.2545706371191136,0.0647632311977715,9.126148434809878,0.2749812171299775,0.0
중구필동,4905.0,2.0,0.1891946992864424,0.0418359057676685,8.447294195236562,0.2164179104477611,0.0
중구장충동,5423.0,2.0,0.1517610178867785,0.0546086956521739,8.517495812288589,0.1905902853408843,0.0
중구광희동,7113.0,1.0,0.2013215239701954,0.0602597402597402,8.295839537279921,0.1939881160433414,0.0
중구을지로동,2906.0,1.0,0.088093599449415,0.0776902887139107,8.362262107152636,0.1662667123757285,0.0
중구신당5동,10438.0,2.0,0.0325732899022801,0.0959264126149802,8.319651595212699,0.1898509230921117,0.0
중구황학동,13711.0,2.0,0.0657136605645102,0.0720623823608496,8.190778606621764,0.163979551710578,1.0
중구중림동,12269.0,2.0,0.0268155513896813,0.1084001394214011,8.188614121631561,0.1847853168341499,1.0
중구신당동,9007.0,2.0,0.1667591872987676,0.0925925925925925,8.239816942178283,0.2017708612825328,1.0
중구다산동,13886.0,2.0,0.0347832349128618,0.0741119719339278,8.319651595212699,0.2161979752530933,1.0
중구약수동,16512.0,2.0,0.0139292635658914,0.1213679609154024,8.319651595212699,0.2540133366263274,1.0
중구청구동,13361.0,2.0,0.0184866402215403,0.1241724527692556,8.319651595212699,0.2233798069557223,1.0
중구동화동,10188.0,3.0,0.0169807616804083,0.0544405418966382,8.319651595212699,0.2052235057759919,1.0
용산구후암동,16638.0,2.0,0.0294506551268181,0.1095410628019323,8.487916789296024,0.1892228237197436,1.0
용산구용산2가동,10262.0,2.0,0.1236601052426427,0.1187904967602591,8.463984379385083,0.2300736771600803,0.0
용산구남영동,7465.0,1.0,0.0672471533824514,0.2778900565885206,8.498145429137757,0.2286337209302325,1.0
용산구원효로1동,17851.0,2.0,0.0376449498627527,0.0415996569100461,8.336800173794579,0.1221374045801526,0.0
용산구원효로2동,13826.0,2.0,0.0081006798784898,0.0736977906789227,8.425194123824648,0.1788588149231894,0.0
용산구효창동,10895.0,2.0,0.0126663607159247,0.0278481012658227,8.60972679281917,0.1496026180458158,1.0
용산구용문동,11571.0,2.0,0.0096793708408953,0.0830821401657875,8.36475620903703,0.1961109173351936,0.0
용산구이촌1동,25604.0,3.0,0.0240587408217466,0.0074292581667212,8.894655179914224,0.1764399583433469,0.0
용산구이촌2동,8036.0,2.0,0.0088352414136386,0.0483602001111728,8.894655179914224,0.2295371421364611,0.0
용산구이태원1동,7990.0,2.0,0.2385481852315394,0.0731566820276497,8.884121192659089,0.2220195655778478,0.0
용산구이태원2동,10326.0,2.0,0.1620182064691071,0.0571902196435971,8.884121192659089,0.2137731481481481,0.0
용산구서빙고동,13430.0,2.0,0.0659717051377513,0.0638965111720893,8.910333999702086,0.1714833147054127,1.0
용산구보광동,13840.0,2.0,0.0976878612716763,0.1558106169296987,8.873154280621298,0.2186684073107049,1.0
용산구청파동,19800.0,2.0,0.0382828282828282,0.1020114942528735,8.398401209444657,0.1726932996473498,1.0
용산구한강로동,22839.0,2.0,0.0728578309032794,0.0361711513012792,8.728344158296348,0.1516170273213694,1.0
용산구한남동,21696.0,2.0,0.1179941002949852,0.0583905789990186,9.005143560196679,0.192727466325933,1.0
성동구왕십리2동,16572.0,2.0,0.022206130823075,0.0745518739815317,8.323746782288724,0.1685024752475247,0.0
성동구마장동,22517.0,2.0,0.0290003108762268,0.076697785099762,8.283291983449068,0.1899130274722746,1.0
성동구사근동,14080.0,1.0,0.1444602272727272,0.0311669485382942,8.42395556239401,0.1283930058284762,1.0
성동구행당1동,13994.0,2.0,0.0202229526940117,0.0654393564356435,8.560838716021092,0.1638327373567832,0.0
성동구행당2동,23083.0,2.0,0.0042022267469566,0.0930006480881399,8.560838716021092,0.1803450535051321,0.0
성동구응봉동,15014.0,3.0,0.0037964566404688,0.0386814665321224,8.549085191962563,0.1752653006740973,1.0
성동구금호1가동,15024.0,2.0,0.0057907348242811,0.1178446038772706,8.233569539091958,0.1893730217523065,0.0
성동구금호4가동,14405.0,2.0,0.0088858035404373,0.0688580775821779,8.363057844804757,0.1835398479301605,0.0
성동구성수1가1동,15895.0,2.0,0.0192513368983957,0.0690718884120171,8.81412832198007,0.1565581695133741,0.0
성동구성수1가2동,12274.0,2.0,0.0159687143555483,0.0448010698762955,8.81412832198007,0.1694647606382978,0.0
성동구성수2가1동,15321.0,2.0,0.0309379283336596,0.1056574528545595,8.64068081382227,0.2028659160696008,0.0
성동구성수2가3동,10447.0,2.0,0.0228773810663348,0.0471609130352763,8.64068081382227,0.1853205571470907,0.0
성동구송정동,10302.0,2.0,0.0382450009706853,0.1357182371381154,8.382387844799672,0.1919983711697037,0.0
성동구용답동,12821.0,2.0,0.0748771546681226,0.1220582369365775,8.36470146809271,0.1885719066343177,1.0
성동구왕십리도선동,26903.0,2.0,0.0185109467345649,0.0753435863874345,8.331788486602296,0.1538987428310987,1.0
성동구금호2.3가동,22219.0,2.0,0.0074710833070795,0.0778182554138838,8.362763806087543,0.1856576609412729,0.0
성동구옥수동,25693.0,2.0,0.0097302767290701,0.0495021866567414,8.531796048800171,0.1723243752946723,1.0
광진구화양동,27438.0,1.0,0.1461476784022159,0.0400087690452702,8.728668937862766,0.1012021485207605,1.0
광진구군자동,21530.0,2.0,0.1040408732001857,0.0808817072099762,8.604438207776731,0.1690632489319579,0.0
광진구중곡1동,15766.0,2.0,0.0256881897754661,0.114507352089846,8.527939245201885,0.1759758181101327,0.0
광진구중곡2동,21111.0,2.0,0.0158685045710766,0.0876617288580536,8.527939245201885,0.1726346433770014,0.0
광진구중곡3동,16119.0,2.0,0.0158818785284446,0.1407035175879397,8.527939245201885,0.1924004059883278,0.0
광진구중곡4동,28142.0,2.0,0.0129344040935256,0.1169563891430314,8.527939245201885,0.2018013455834478,0.0
광진구능동,11564.0,2.0,0.0338983050847457,0.0592787494195944,8.85262345680249,0.154392590594371,0.0
광진구구의1동,24075.0,2.0,0.0281204569055036,0.0741078208048595,8.705776767444954,0.148036513951085,0.0
광진구구의2동,26410.0,2.0,0.0216584627035213,0.0983150946673614,8.705776767444954,0.1829661576718343,0.0
광진구구의3동,28281.0,2.0,0.0084862628619921,0.0457629923866269,8.705776767444954,0.1633642041783329,0.0
광진구광장동,34237.0,3.0,0.005812425154073,0.0229078613693998,8.699049640064166,0.1219147125289819,1.0
광진구자양1동,22979.0,2.0,0.0380347273597632,0.1071724366407155,8.598811887336879,0.1722662296276063,0.0
광진구자양2동,24059.0,2.0,0.0132175069620516,0.0814801144228107,8.598811887336879,0.1820369901190777,0.0
광진구자양3동,27713.0,2.0,0.0116551798794789,0.0346206269877328,8.598811887336879,0.1703369301915877,0.0
광진구자양4동,21396.0,2.0,0.1610581417087306,0.0974398909763457,8.598811887336879,0.2035643964255061,0.0
동대문구전농1동,29227.0,2.0,0.0217607007219351,0.1239373903656726,8.216212415229013,0.1945609394154461,0.0
동대문구전농2동,18540.0,2.0,0.022168284789644,0.1062706270627062,8.216212415229013,0.2162416330143276,0.0
동대문구답십리1동,28434.0,2.0,0.0148062179081381,0.0672987255206714,8.209030822102116,0.1538819153881915,0.0
동대문구답십리2동,27918.0,2.0,0.0098860949924779,0.1049141030763084,8.209030822102116,0.2150732627303061,0.0
동대문구장안1동,38402.0,2.0,0.0166397583459194,0.0880865640802566,8.270832188925842,0.1877382380381181,0.0
동대문구장안2동,32768.0,2.0,0.00927734375,0.0957387160078497,8.270832188925842,0.1743700061462815,0.0
동대문구회기동,13577.0,2.0,0.2284009722324519,0.0541989279332936,8.416928558553444,0.1488015340364333,1.0
동대문구휘경1동,16279.0,2.0,0.1459549112353338,0.0495125705489994,8.320019485463737,0.1575372163607457,0.0
동대문구휘경2동,25325.0,2.0,0.0358538993089832,0.0550121292745911,8.320019485463737,0.1736738380686484,0.0
동대문구이문1동,21266.0,2.0,0.1609141352393492,0.0692515611893,8.241887547365833,0.1832159230683216,0.0
동대문구이문2동,20026.0,2.0,0.0257665035453909,0.1161372007366482,8.241887547365833,0.2175699974312869,0.0
동대문구청량리동,19438.0,2.0,0.0285008745755736,0.1725983939724397,8.084648724704122,0.2953422911466355,1.0
동대문구용신동,38161.0,2.0,0.0436309321034564,0.0799086757990867,8.1192125050177,0.1695732645134381,1.0
동대문구제기동,26306.0,2.0,0.0883068501482551,0.1172926738564522,8.134174272137903,0.2463687628161312,1.0
중랑구면목2동,24153.0,2.0,0.0158158406823168,0.14012582727347,8.201931609962395,0.2097707216146603,0.0
중랑구면목4동,18645.0,2.0,0.0160901045856798,0.2019897160742231,8.201931609962395,0.221832337299194,0.0
중랑구면목5동,14769.0,2.0,0.0090053490419121,0.1262618419009163,8.201931609962395,0.1702637889688249,0.0
중랑구면목7동,21732.0,2.0,0.015000920301859,0.1071630537229029,8.201931609962395,0.2158658588135832,0.0
중랑구상봉1동,23537.0,2.0,0.0068827803033521,0.1692505184161153,8.290984948729182,0.1811547542391071,0.0
중랑구상봉2동,20613.0,2.0,0.0190171251152185,0.0891097107771853,8.290984948729182,0.1568240173809994,0.0
중랑구중화1동,19128.0,2.0,0.0101421999163529,0.1232983708993528,8.28577298287545,0.2113743573435098,0.0
중랑구중화2동,24643.0,2.0,0.0181390252810128,0.184700257447591,8.28577298287545,0.2219439923208547,0.0
중랑구묵1동,34094.0,2.0,0.0065114096321933,0.0845305713331106,8.337164204674165,0.1886758910847086,0.0
중랑구묵2동,18597.0,2.0,0.0141958380383932,0.1186751537382673,8.337164204674165,0.2131759538841614,0.0
중랑구망우3동,16219.0,2.0,0.0236142795486774,0.2335562310030395,8.27585002729132,0.2318288579953024,0.0
중랑구신내1동,38472.0,3.0,0.0041068829278436,0.1401737967914438,8.252651959072756,0.1987288914567849,1.0
중랑구신내2동,19975.0,2.0,0.004055068836045,0.1609657947686116,8.252651959072756,0.2260944119427073,1.0
중랑구면목본동,33677.0,2.0,0.0221219229741366,0.1429777652687869,8.201931609962395,0.1979698516897641,1.0
중랑구면목3.8동,25045.0,2.0,0.0175683769215412,0.1534746026799626,8.201931609962395,0.2211096185940489,0.0
중랑구망우본동,36017.0,2.0,0.0115223366743482,0.1322309385405496,8.27585002729132,0.199611475548298,1.0
성북구돈암1동,14463.0,2.0,0.0072599045841111,0.1024752475247524,8.238373068967128,0.2154437456324248,0.0
성북구돈암2동,23594.0,3.0,0.0048317368822582,0.0436158986985578,8.238373068967128,0.1611063829787234,0.0
성북구안암동,17178.0,2.0,0.1225986727209221,0.0486721195597293,8.33018000612467,0.1437969300285733,0.0
성북구보문동,16703.0,2.0,0.0247260971083038,0.0595953402820355,8.188187014281004,0.162202015237159,0.0
성북구정릉1동,18070.0,2.0,0.0123962368566685,0.0576294277929155,8.231435931989418,0.1831838565022421,0.0
성북구정릉2동,22940.0,2.0,0.0112467306015693,0.076127347594657,8.223129466131658,0.2124347749181922,0.0
성북구정릉3동,16705.0,2.0,0.0953606704579467,0.0912717601547388,8.207649894209776,0.2302522126838357,0.0
성북구정릉4동,24731.0,2.0,0.0185192673163236,0.0787328640237124,8.207649894209776,0.2135352031107801,0.0
성북구길음1동,34957.0,3.0,0.0042051663472265,0.047523480773862,8.254669314211311,0.1405270122547609,0.0
성북구길음2동,22003.0,2.0,0.006180975321547,0.0588705077010838,8.214195768764455,0.1512257827564043,0.0
성북구월곡1동,26036.0,2.0,0.0082962052542633,0.0939721222191452,8.172014765676463,0.1972368165012648,0.0
성북구월곡2동,19693.0,2.0,0.0299598842228202,0.076891447368421,8.16219683785606,0.2000944584382871,0.0
성북구장위1동,23936.0,2.0,0.0094000668449197,0.1884831460674157,8.244039732347748,0.1841410442040712,0.0
성북구장위2동,13518.0,2.0,0.018050007397544,0.1623415811707906,8.244039732347748,0.2428086070215175,0.0
성북구성북동,16701.0,2.0,0.0382611819651517,0.0510554737358861,8.55771258015598,0.1938309453794656,1.0
성북구삼선동,23026.0,2.0,0.0272300877269173,0.0750737719145981,8.279581098741042,0.1852317642831477,1.0
성북구동선동,15884.0,2.0,0.0545202719717955,0.047653730100926,8.31952700566883,0.1471821145784816,1.0
성북구종암동,39904.0,2.0,0.0483911387329591,0.0816433566433566,8.209128803681658,0.1900298365590262,1.0
성북구석관동,35108.0,2.0,0.0253218639626296,0.1125096939688599,8.188730790242836,0.2249831115810497,1.0
강북구번1동,18455.0,2.0,0.0299105933351395,0.1177546697477373,8.199766432780896,0.2150030859002412,1.0
강북구번2동,15188.0,2.0,0.0053989992099025,0.2525780099102718,8.199766432780896,0.2809641450223676,1.0
강북구번3동,16514.0,2.0,0.0040571636187477,0.3738060970822975,8.199766432780896,0.3010648007301491,1.0
강북구수유1동,20360.0,2.0,0.0140962671905697,0.1469294050124354,8.204619886650493,0.2330271565495207,1.0
강북구수유2동,20931.0,2.0,0.0083130285222875,0.1391198539849929,8.204619886650493,0.2538729666924864,1.0
강북구수유3동,23781.0,2.0,0.0346915604894663,0.1275237529691211,8.204619886650493,0.2154480364504231,1.0
강북구삼양동,22887.0,2.0,0.0083016559618997,0.1591013296652911,8.1511055149496,0.2282382156001951,1.0
강북구미아동,21655.0,2.0,0.0283537289309628,0.1093643198906356,8.1511055149496,0.2292043830395426,1.0
강북구송중동,29645.0,2.0,0.0220273233260246,0.1076801834073649,8.1511055149496,0.2196230868010967,1.0
강북구송천동,25610.0,2.0,0.0167122217883639,0.1427922814982974,8.1511055149496,0.2577464224155209,1.0
강북구삼각산동,30866.0,3.0,0.003660986198406,0.114387303789784,8.1511055149496,0.1586727882517664,1.0
강북구우이동,20202.0,2.0,0.0084645084645084,0.127215849843587,8.207624000625591,0.254527213443692,1.0
강북구인수동,29679.0,2.0,0.0078506688230735,0.1485273492286115,8.204619886650493,0.2544459644322845,1.0
도봉구쌍문1동,21292.0,2.0,0.0209468344918279,0.1349491955969517,8.21998051334766,0.2370148677350839,0.0
도봉구쌍문2동,18278.0,2.0,0.00798774482985,0.1242818618829874,8.21998051334766,0.232775398987933,0.0
도봉구쌍문3동,16792.0,2.0,0.0103620771796093,0.1142752829499817,8.21998051334766,0.219003757120349,0.0
도봉구쌍문4동,18273.0,3.0,0.0029551797734362,0.0507614213197969,8.21998051334766,0.1892904363155575,0.0
도봉구방학1동,28162.0,2.0,0.0086641573751864,0.1444925742574257,8.249279758754962,0.2291546658986175,0.0
도봉구방학2동,19026.0,2.0,0.010249132765689,0.2660162601626016,8.249279758754962,0.2531950163092882,0.0
도봉구방학3동,26363.0,3.0,0.0026173045556272,0.0411165978030837,8.249279758754962,0.2160913395448297,0.0
도봉구창1동,24358.0,2.0,0.0064455209787338,0.0558033682294037,8.22502641101143,0.2090418913313977,0.0
도봉구창2동,28694.0,2.0,0.0097929880811319,0.1027211966900063,8.22502641101143,0.2007423117709438,0.0
도봉구창3동,13457.0,2.0,0.0072824552277625,0.1788983708301008,8.22502641101143,0.2349180081239657,0.0
도봉구창4동,26006.0,2.0,0.0039606244712758,0.0332260507383566,8.22502641101143,0.1816330451488953,0.0
도봉구창5동,24137.0,2.0,0.0053444918589717,0.0609684947491248,8.22502641101143,0.2019801152978527,0.0
도봉구도봉1동,20397.0,2.0,0.0073540226503897,0.1562378167641325,8.18812507651018,0.3035075516693163,0.0
도봉구도봉2동,26151.0,2.0,0.0058888761424037,0.0920648464163822,8.18812507651018,0.2711184793923738,0.0
노원구월계1동,21484.0,2.0,0.0318841928877304,0.0886856233843706,8.289388795219834,0.2127813737803111,1.0
노원구월계2동,25980.0,2.0,0.0056197074672825,0.2661235573659199,8.289388795219834,0.2442873325260732,1.0
노원구월계3동,29131.0,2.0,0.0060760015104184,0.161400512382579,8.289388795219834,0.2276702061211742,1.0
노원구공릉1동,36967.0,2.0,0.0196661887629507,0.1314813819783998,8.460030071682864,0.1967870375490792,1.0
노원구공릉2동,42565.0,2.0,0.0202748737225419,0.0542531062011581,8.460030071682864,0.1481881968473664,1.0
노원구하계1동,27174.0,2.0,0.0205343342901302,0.2332155477031802,8.326848333853414,0.1837337982263321,0.0
노원구하계2동,21423.0,3.0,0.0026140129767072,0.1519157791651365,8.326848333853414,0.1657698965985121,0.0
노원구중계본동,23161.0,3.0,0.0026769137774707,0.0754716981132075,8.108063376465324,0.1189578185286339,0.0
노원구중계1동,26489.0,3.0,0.0040016610668579,0.0882188095504988,8.108063376465324,0.1021431828545371,0.0
노원구중계4동,19464.0,2.0,0.0059083436087135,0.2225461613216715,8.108063376465324,0.2216362971858194,1.0
노원구상계1동,37422.0,2.0,0.0039816150927262,0.1223312175418349,8.209847042069727,0.2111814630203421,1.0
노원구상계2동,19566.0,2.0,0.008228559746499,0.120585501858736,8.209847042069727,0.1913721413721413,1.0
노원구상계5동,23436.0,2.0,0.0059310462536268,0.1881224303334856,8.209847042069727,0.2332957795302886,1.0
노원구상계8동,22056.0,2.0,0.0021309394269133,0.0387443749314016,8.209847042069727,0.1447254103982806,1.0
노원구상계9동,19895.0,2.0,0.004423221915054,0.0632865875584322,8.209847042069727,0.1946543591824314,1.0
노원구상계10동,18316.0,2.0,0.0034942127101987,0.0572289156626506,8.209847042069727,0.1646076977982759,1.0
노원구중계2.3동,33059.0,2.0,0.0037508696572794,0.3271276595744681,8.108063376465324,0.2401334925446251,0.0
노원구상계3.4동,25119.0,2.0,0.0047772602412516,0.2247481270989408,8.209847042069727,0.2389396709323583,1.0
노원구상계6.7동,31934.0,2.0,0.0046971879501471,0.0774374460742019,8.209847042069727,0.1718016989983517,1.0
은평구녹번동,36715.0,2.0,0.0107040719052158,0.0990429809162466,8.43877532963203,0.2082653766413268,1.0
은평구불광1동,37995.0,2.0,0.0068430056586392,0.1041396789636722,8.37569874912943,0.2177801437317008,0.0
은평구불광2동,27230.0,2.0,0.0086301872934263,0.1585409126392733,8.37569874912943,0.2361204262612713,0.0
은평구갈현1동,14993.0,2.0,0.0105382511838858,0.2391015417331206,8.388200056731867,0.2166791783252576,0.0
은평구갈현2동,27963.0,2.0,0.0090834316775739,0.1157760814249363,8.388200056731867,0.1965957755679756,0.0
은평구구산동,31861.0,2.0,0.0069363799001914,0.1135674676524953,8.420157924504402,0.2081601573653986,1.0
은평구대조동,27650.0,2.0,0.0130922242314647,0.1048721151949503,8.418821530055972,0.1942098914354644,1.0
은평구응암1동,33232.0,2.0,0.0094788155994222,0.0764596848934198,8.308100463324687,0.1706334675942878,0.0
은평구응암2동,27885.0,2.0,0.0071005917159763,0.0963629880549117,8.308100463324687,0.1553968311518799,0.0
은평구응암3동,24019.0,2.0,0.015862442233232,0.1525585844093735,8.308100463324687,0.2499044058291201,0.0
은평구신사1동,26889.0,2.0,0.0080702145858901,0.0912033195020746,8.280665470366545,0.2056662773612628,0.0
은평구신사2동,19333.0,2.0,0.0076035793720581,0.1276814240073026,8.280665470366545,0.2132441964520713,0.0
은평구증산동,18625.0,2.0,0.0080536912751677,0.0847668910496135,8.392001781396056,0.2012085578964559,1.0
은평구수색동,13319.0,2.0,0.0060064569412118,0.1022443890274314,8.28202260438925,0.1551255230125523,1.0
은평구진관동,54896.0,3.0,0.0039711454386476,0.0743925233644859,8.265099602525668,0.1659294877677244,0.0
은평구역촌동,44690.0,2.0,0.0091295591855001,0.1140215716486903,8.435145475055485,0.205969200018171,1.0
서대문구천연동,16892.0,2.0,0.0119583234667298,0.0984977139124755,8.238849777635817,0.2008415990381725,1.0
서대문구홍제1동,25120.0,2.0,0.0098328025477707,0.0711701935250497,8.328110429098773,0.2011438698243918,0.0
서대문구홍제2동,13335.0,2.0,0.0071991001124859,0.1036870347931452,8.328110429098773,0.2149073023079833,0.0
서대문구홍제3동,17938.0,2.0,0.009365592596722,0.0937655860349127,8.328110429098773,0.2282510705431598,0.0
서대문구홍은1동,22639.0,2.0,0.0102919740271213,0.0797502047502047,8.25077411730806,0.2148088241901424,0.0
서대문구홍은2동,29559.0,2.0,0.0270983456815183,0.0928949357520786,8.25077411730806,0.1943747386030949,0.0
서대문구남가좌1동,16966.0,3.0,0.0143227631734056,0.0465455724943237,8.280140859915779,0.1392329324477951,0.0
서대문구남가좌2동,30497.0,2.0,0.0402990458077843,0.099379810206979,8.280140859915779,0.1752259654889071,0.0
서대문구북가좌1동,17762.0,3.0,0.0055173966895619,0.0796836091987695,8.426158458847974,0.181590909090909,0.0
서대문구북가좌2동,31167.0,2.0,0.0108448037988898,0.1042709261671351,8.426158458847974,0.2183112324492979,0.0
서대문구충현동,20242.0,2.0,0.0229226361031518,0.0711384127613197,8.355720302862116,0.1800700187731493,1.0
서대문구북아현동,15873.0,2.0,0.0182070182070182,0.0838500563697857,8.384484317573236,0.1534241270251081,1.0
서대문구신촌동,26477.0,1.0,0.2315216980775767,0.0358967464372143,8.535043718525621,0.1053766602950546,0.0
서대문구연희동,37259.0,2.0,0.082288842964116,0.0497057249866238,8.73533545712496,0.1780990284443404,1.0
마포구용강동,21705.0,2.0,0.0194885970974429,0.0464539771502479,8.523678118748041,0.1448567402536402,1.0
마포구대흥동,16147.0,2.0,0.106087818170558,0.0550301925487068,8.512863833255008,0.1363699102829537,1.0
마포구염리동,17715.0,2.0,0.0499576629974597,0.0519097667264803,8.41607256360618,0.1267086651610602,1.0
마포구신수동,22569.0,2.0,0.0168372546413221,0.0409672262190247,8.559285546686478,0.1568848758465011,1.0
마포구서교동,26522.0,2.0,0.0854007993363999,0.0272667971298108,8.921525658328466,0.1388197211155378,0.0
마포구합정동,16897.0,2.0,0.0213647393028348,0.0611891891891891,8.915806882075298,0.1627285427929296,0.0
마포구망원1동,19632.0,2.0,0.0167583537082314,0.0708190289357528,8.624586439672568,0.1812119001719377,0.0
마포구망원2동,18312.0,2.0,0.0113586719091306,0.0630888491353607,8.624586439672568,0.1832815275310834,0.0
마포구연남동,15348.0,2.0,0.063200416992442,0.032139468690702,8.911927597594248,0.1653146853146853,0.0
마포구성산1동,18991.0,2.0,0.0189036912221578,0.0617924029203258,8.683381978740695,0.1673831273508866,0.0
마포구성산2동,39285.0,2.0,0.0086037927962326,0.1123399897593446,8.633538749952816,0.1689021873710276,0.0
마포구상암동,30650.0,2.0,0.0224796084828711,0.0957730986800754,8.659381752386922,0.1475007563279438,0.0
마포구도화동,20937.0,2.0,0.0120838706595978,0.0540279269602577,8.5388666166977,0.1894828757155331,1.0
마포구서강동,25495.0,2.0,0.0336536575799176,0.0284469292115432,8.63636157814166,0.1382775314267116,1.0
마포구공덕동,37388.0,2.0,0.0168770728576013,0.0616331994645247,8.390925071533355,0.1698180228427783,1.0
마포구아현동,28692.0,2.0,0.0178446953854733,0.0444708478316218,8.43843421496263,0.1280468558201522,1.0
양천구목1동,30403.0,3.0,0.0047034832088938,0.0333752539421495,8.602212418726065,0.1207381196468137,1.0
양천구목2동,29255.0,2.0,0.0073491710818663,0.0837888431299138,8.602212418726065,0.1582468360977964,1.0
양천구목3동,21533.0,2.0,0.0068731714113221,0.1084886949623165,8.602212418726065,0.1752746736782796,1.0
양천구목4동,24801.0,2.0,0.0065723156324341,0.0994216194654966,8.602212418726065,0.1436551949111074,1.0
양천구목5동,40548.0,3.0,0.002490875012331,0.0036621823617339,8.602212418726065,0.1288416075650118,1.0
양천구신월1동,20056.0,2.0,0.0132628639808536,0.1769494850416871,8.201059516883866,0.2326222312952944,1.0
양천구신월2동,21006.0,2.0,0.0075692659240217,0.0902921555095468,8.201059516883866,0.2067183462532299,1.0
양천구신월3동,14734.0,2.0,0.0124202524772634,0.1944836433611289,8.201059516883866,0.2236632221374575,1.0
양천구신월4동,17602.0,3.0,0.0058516077718441,0.0603762578387049,8.201059516883866,0.2096654275092936,1.0
양천구신월5동,14286.0,2.0,0.0088198236035279,0.1196754563894523,8.201059516883866,0.191901283596908,1.0
양천구신월6동,13956.0,3.0,0.0042275723703066,0.0497956150130063,8.201059516883866,0.1530054644808743,1.0
양천구신월7동,18900.0,2.0,0.0075132275132275,0.1193630998775192,8.201059516883866,0.2466259640102827,1.0
양천구신정1동,19885.0,3.0,0.0052803620819713,0.0376682898882841,8.482293210441382,0.149226477301547,1.0
양천구신정2동,18924.0,3.0,0.0049143944197844,0.1036443148688046,8.482293210441382,0.1519067796610169,1.0
양천구신정3동,50340.0,3.0,0.0064958283671036,0.1201959496995101,8.482293210441382,0.1693928750627195,1.0
양천구신정4동,32847.0,2.0,0.0196973848448869,0.1071102175105099,8.482293210441382,0.1985121745381802,1.0
양천구신정6동,23960.0,3.0,0.0009181969949916,0.0094235711663199,8.482293210441382,0.1323240349629877,1.0
양천구신정7동,28481.0,2.0,0.0056880025280011,0.1550583318822914,8.482293210441382,0.1950797684596922,1.0
강서구염창동,41521.0,3.0,0.0032995351749717,0.0140853584814411,8.565420339979266,0.1168271790156318,1.0
강서구등촌1동,25054.0,2.0,0.0089806018998962,0.0218112514999647,8.64024941048175,0.1285358405657345,0.0
강서구등촌2동,19636.0,2.0,0.0064167854960277,0.0504672897196261,8.64024941048175,0.1801514137096359,0.0
강서구등촌3동,29738.0,2.0,0.0056829645571322,0.3647986221515633,8.64024941048175,0.2496785545103877,0.0
강서구화곡본동,33781.0,2.0,0.0112489269115775,0.1089930734443872,8.430698044793145,0.1607304557802595,1.0
강서구화곡1동,52580.0,2.0,0.0184100418410041,0.0693086714958857,8.430698044793145,0.1764889487134468,0.0
강서구화곡2동,17617.0,2.0,0.0156666855877845,0.1134708737864077,8.430698044793145,0.1818816141411792,0.0
강서구화곡3동,21447.0,2.0,0.0066209726302046,0.0695000513294323,8.430698044793145,0.2102390363259928,0.0
강서구화곡4동,20233.0,2.0,0.0142341718973953,0.1268071045022717,8.430698044793145,0.2107729517283079,0.0
강서구화곡6동,25144.0,2.0,0.0108176901049952,0.0776144413131236,8.430698044793145,0.1756123191334573,0.0
강서구화곡8동,24172.0,2.0,0.0162584808869766,0.0969107067287346,8.430698044793145,0.2000254269610543,0.0
강서구가양1동,34357.0,2.0,0.0080915097360072,0.0146868870497057,8.6477976798326,0.102494704636385,0.0
강서구가양2동,13706.0,2.0,0.0064205457463884,0.413818814465018,8.564290494933866,0.3338017751479289,0.0
강서구가양3동,14505.0,2.0,0.0063426404688038,0.2973633440514469,8.564290494933866,0.2778246205733558,0.0
강서구발산1동,36159.0,3.0,0.0083796565170496,0.114037028841189,8.694953249263463,0.1505987018800358,0.0
강서구공항동,30550.0,2.0,0.0176759410801964,0.1274375764553501,8.3780406966235,0.1512085252294349,1.0
강서구방화1동,42789.0,2.0,0.0059127345813176,0.0697285771912637,8.553746889706543,0.1723631887900019,0.0
강서구방화2동,23107.0,2.0,0.0116847708486605,0.1403885903265812,8.541625282268889,0.2267234940023726,0.0
강서구방화3동,22324.0,2.0,0.0056889446335782,0.2021673476638834,8.427964084352908,0.259841449603624,0.0
강서구우장산동,43962.0,3.0,0.00491333424321,0.0414204715010444,8.517266188751867,0.1484102166122663,1.0
구로구신도림동,36024.0,3.0,0.0085220963801909,0.0134429746156596,8.301568800231356,0.1450494772739978,0.0
구로구구로1동,20814.0,2.0,0.0094167387335447,0.0119674485399712,8.220454228874202,0.147442131880957,0.0
구로구구로2동,29413.0,2.0,0.2247305613164247,0.0919240485697987,8.220454228874202,0.2580902209039798,0.0
구로구구로3동,25025.0,2.0,0.0673726273726273,0.036043956043956,8.220454228874202,0.1580165430934727,0.0
구로구구로4동,22803.0,2.0,0.1694075340963908,0.0914302092290054,8.220454228874202,0.2518990703851261,0.0
구로구구로5동,31849.0,2.0,0.0797513265722628,0.0316024211532335,8.220454228874202,0.1735590901316914,0.0
구로구고척1동,26525.0,2.0,0.0116116870876531,0.0579496090356212,8.309408585321753,0.1814379681380936,0.0
구로구고척2동,26451.0,2.0,0.0173906468564515,0.1024925919470106,8.309408585321753,0.2200901629869379,0.0
구로구개봉1동,34100.0,2.0,0.0230791788856305,0.1097617935544138,8.373701502174603,0.2095810181708965,0.0
구로구개봉2동,30572.0,2.0,0.0135090932879759,0.064968356965473,8.373701502174603,0.2362738226360936,0.0
구로구개봉3동,20224.0,2.0,0.0188884493670886,0.0750456204379562,8.373701502174603,0.2341470826580227,0.0
구로구오류1동,23312.0,2.0,0.0279255319148936,0.0866514231648663,8.227033385249241,0.1896619928794338,0.0
구로구오류2동,38312.0,2.0,0.0157652954687826,0.1121790818262299,8.213984536344368,0.2044589884800595,0.0
구로구수궁동,23171.0,2.0,0.0130335332959302,0.0934738955823293,8.337361731755472,0.2156957360940516,1.0
구로구가리봉동,12623.0,1.0,0.2924027568723758,0.1043661743223502,8.411457049664207,0.2250169952413324,1.0
구로구항동,16556.0,3.0,0.008516549891278,0.0951926138172556,8.346573302276614,0.116010978956999,0.0
금천구가산동,27043.0,1.0,0.0886366157600857,0.0446413643203477,8.324037961737394,0.1163449475941888,1.0
금천구독산1동,48046.0,2.0,0.0356741456104566,0.0706678411274823,8.385885610003912,0.1378486570247933,0.0
금천구독산2동,19400.0,2.0,0.0691752577319587,0.1408435777871979,8.385885610003912,0.2106113804826394,0.0
금천구독산3동,27135.0,2.0,0.1192187212087709,0.0851557066687273,8.385885610003912,0.2079956326376349,0.0
금천구독산4동,16350.0,2.0,0.0952293577981651,0.1202722156785761,8.385885610003912,0.2139788612342311,0.0
금천구시흥1동,33925.0,2.0,0.0473986735445836,0.099516790017738,8.315152891807701,0.2060893560288965,0.0
금천구시흥2동,20751.0,3.0,0.0053973302491446,0.156703775411423,8.315152891807701,0.2170154907007235,0.0
금천구시흥3동,10547.0,2.0,0.0146013084289371,0.0888030888030888,8.315152891807701,0.2446106040007768,0.0
금천구시흥4동,20390.0,2.0,0.0320745463462481,0.1396189224704336,8.315152891807701,0.2320681563105805,0.0
금천구시흥5동,18980.0,2.0,0.0294520547945205,0.1914663201212909,8.315152891807701,0.2533800426952761,0.0
영등포구여의동,32989.0,2.0,0.0119433750644154,0.0101010101010101,8.975124239427704,0.1982981309831332,1.0
영등포구당산1동,21301.0,2.0,0.0179334303553823,0.04951270449008,8.308810165575252,0.1692256341789052,0.0
영등포구당산2동,37188.0,2.0,0.0112401850059158,0.0155423979699725,8.46417894335282,0.1353011524244401,0.0
영등포구양평1동,18509.0,2.0,0.0146955535145064,0.0316596087920951,8.159912349672782,0.1345858053175126,0.0
영등포구양평2동,22702.0,2.0,0.009074090388512,0.0252337296904783,8.402487478441675,0.1237232436273203,0.0
영등포구신길1동,20732.0,2.0,0.0643449739533088,0.0820914807476957,8.43470031786965,0.1882407742870452,0.0
영등포구신길3동,17194.0,2.0,0.0548447132720716,0.1068511198945981,8.43470031786965,0.2069264605662598,0.0
영등포구신길4동,13086.0,2.0,0.0565489836466452,0.1218965517241379,8.43470031786965,0.2045825179386823,0.0
영등포구신길5동,11078.0,2.0,0.0871998555695974,0.1245144583513163,8.444077188636633,0.213533386327504,0.0
영등포구신길6동,18901.0,2.0,0.0352362308872546,0.0591325732170802,8.43470031786965,0.1908866995073891,0.0
영등포구신길7동,20032.0,3.0,0.0091853035143769,0.0366054464851171,8.43470031786965,0.1402316213494461,0.0
영등포구대림1동,16371.0,2.0,0.1452568566367356,0.0908182207625303,8.453366949880644,0.2346791636625811,0.0
영등포구대림2동,17718.0,2.0,0.3250931256349475,0.0735628912919749,8.453366949880644,0.2437631247375052,0.0
영등포구대림3동,25135.0,2.0,0.1337179232146409,0.0875048132460531,8.453366949880644,0.2205726405090138,0.0
영등포구영등포본동,22650.0,2.0,0.075364238410596,0.097813578826237,8.40577212544594,0.2100940648426681,1.0
영등포구영등포동,31206.0,1.0,0.0259565468179196,0.0753421501313303,8.286678652104388,0.1142697881828316,1.0
영등포구도림동,19665.0,2.0,0.0994660564454614,0.0834200124817973,8.307572788754495,0.1919627653536156,1.0
영등포구문래동,32385.0,2.0,0.0069785394472749,0.021007763738773,8.18037036001052,0.153772000746315,0.0
동작구노량진1동,32573.0,2.0,0.0175912565621834,0.0723444861931174,8.567182636161151,0.1912387836490528,0.0
동작구노량진2동,11228.0,2.0,0.0688457427858924,0.1285444234404537,8.710649196201713,0.2191423604404095,0.0
동작구상도1동,46414.0,2.0,0.0447494290515792,0.054387205089688,8.57800603081275,0.1718472169078755,0.0
동작구상도2동,27953.0,2.0,0.0113404643508746,0.0415605095541401,8.517225190904249,0.1626252359517932,0.0
동작구상도3동,24462.0,2.0,0.0152481399722017,0.0933868063512849,8.517225190904249,0.199183265272106,0.0
동작구상도4동,28401.0,2.0,0.0125347699024682,0.0978675328343454,8.517225190904249,0.1974927260318258,0.0
동작구사당1동,22989.0,2.0,0.0204010613771803,0.0569519105041406,8.597472794104856,0.1759786476868327,0.0
동작구사당2동,28662.0,2.0,0.0119670644058335,0.0467645891226677,8.592092850103459,0.211712511091393,0.0
동작구사당3동,24141.0,2.0,0.0082846609502506,0.0555186485716997,8.597472794104856,0.2021924482338611,0.0
동작구사당4동,14044.0,2.0,0.0122472230133865,0.0773564165979664,8.597472794104856,0.2071125188971276,0.0
동작구사당5동,14355.0,2.0,0.0077324973876698,0.0558766859344894,8.597472794104856,0.1768357198278902,0.0
동작구대방동,36107.0,2.0,0.0088902428891904,0.0909580838323353,8.65616873770651,0.1625342810768456,1.0
동작구신대방1동,25163.0,2.0,0.071295155585582,0.0570146117849298,8.55333609604936,0.1764177188101861,0.0
동작구신대방2동,22387.0,2.0,0.0112565328092196,0.054969668688754,8.55333609604936,0.1594504203199855,0.0
동작구흑석동,31964.0,2.0,0.0653860593167313,0.0662266902002916,8.595902703086482,0.1718381840507085,1.0
관악구남현동,18025.0,2.0,0.0113730929264909,0.0369283690813435,8.831462178695434,0.1716405327937953,1.0
관악구보라매동,24589.0,2.0,0.0181381918744153,0.0880541403695536,8.499699057497656,0.2004758327072376,1.0
관악구청림동,14987.0,2.0,0.0066724494561953,0.096138936269189,8.499699057497656,0.1961644945641164,1.0
관악구행운동,29642.0,2.0,0.0173065245260103,0.056719022687609,8.499699057497656,0.1570057449516667,1.0
관악구낙성대동,18063.0,1.0,0.0305597076897525,0.0366729990914347,8.499699057497656,0.1175494794645921,1.0
관악구중앙동,15750.0,2.0,0.0244444444444444,0.0591900311526479,8.499699057497656,0.1619538953830079,1.0
관악구인헌동,26103.0,2.0,0.0145960234455809,0.0511356000537562,8.499699057497656,0.164534679028283,1.0
관악구서원동,23704.0,2.0,0.0315558555518056,0.061179606797734,8.52059938375099,0.1494901280104144,1.0
관악구신원동,18623.0,2.0,0.0427428448692477,0.0985692969367155,8.52059938375099,0.1890765765765766,1.0
관악구서림동,24644.0,2.0,0.0433776984255802,0.0785545954438334,8.52059938375099,0.1617916294120151,1.0
관악구신사동,24810.0,2.0,0.0860137041515518,0.0853841946951052,8.52059938375099,0.1619364867865867,1.0
관악구신림동,24266.0,1.0,0.0363471523942965,0.0439047174217655,8.52059938375099,0.0874583891747006,1.0
관악구난향동,14991.0,2.0,0.0087385764792208,0.1054498548855208,8.52059938375099,0.1983079526226734,1.0
관악구조원동,20986.0,2.0,0.0669017440198227,0.059218059872403,8.52059938375099,0.1592044875063743,1.0
관악구대학동,27160.0,1.0,0.0957290132547864,0.0768095373261425,8.52059938375099,0.1335589902532523,1.0
관악구은천동,33149.0,2.0,0.0148119098615342,0.1013802067215448,8.499699057497656,0.191367702665314,1.0
관악구성현동,28666.0,2.0,0.007011790971883,0.12828893610067,8.499699057497656,0.2001549950683387,1.0
관악구청룡동,37189.0,1.0,0.0282072655892871,0.04784963887065,8.499699057497656,0.1339298118869654,1.0
관악구난곡동,26255.0,2.0,0.0175204722909921,0.1653961653961654,8.52059938375099,0.2240556815515758,1.0
관악구삼성동,20363.0,2.0,0.0066787801404508,0.1648598895479648,8.52059938375099,0.2793182269926456,1.0
관악구미성동,30465.0,2.0,0.018217626784835,0.093732667775929,8.52059938375099,0.2102095033123718,1.0
서초구서초1동,20506.0,2.0,0.0087291524431873,0.0376162299239222,9.31361601579832,0.1585491718680886,1.0
서초구서초2동,27253.0,2.0,0.0159982387260118,0.0130322901967294,9.31361601579832,0.130782541818881,1.0
서초구서초3동,32382.0,2.0,0.0105614230127848,0.0234855423263116,9.27710843708244,0.160343481654957,1.0
서초구서초4동,30560.0,3.0,0.0087041884816753,0.0065347274085138,9.31361601579832,0.1466635850364843,1.0
서초구잠원동,26470.0,2.0,0.0069890442009822,0.0240735475310397,9.189850888848534,0.134371266427718,1.0
서초구반포본동,282.0,2.0,0.0567375886524822,0.075187969924812,9.343650240065957,0.1680327868852459,1.0
서초구반포1동,34500.0,2.0,0.0106086956521739,0.0308958445763626,9.343650240065957,0.1267709129386867,1.0
서초구반포2동,15740.0,3.0,0.0068614993646759,0.0013994402239104,9.343650240065957,0.1400859752821064,1.0
서초구반포3동,23848.0,3.0,0.0025997987252599,0.0050030506406345,9.189850888848534,0.1442509002596097,1.0
서초구반포4동,19464.0,3.0,0.0371454993834771,0.0165464573610521,9.343650240065957,0.1664870108871402,1.0
서초구방배본동,20646.0,3.0,0.0077981207013465,0.0455290705006936,9.239217388456566,0.1614448409013148,1.0
서초구방배1동,16789.0,2.0,0.0086961701113824,0.0426837401627317,9.239217388456566,0.1853391157691844,1.0
서초구방배2동,18314.0,2.0,0.0063885552036693,0.0622789287518949,9.239217388456566,0.2002539752650176,1.0
서초구방배3동,17177.0,3.0,0.0094312161611457,0.0216566550742965,9.239217388456566,0.1990173444622033,1.0
서초구방배4동,23194.0,2.0,0.0140122445460032,0.0349905995404219,9.239217388456566,0.1627784829518098,1.0
서초구양재1동,42582.0,2.0,0.0081489831384152,0.1284449921577414,9.271231781730965,0.1794488357188635,1.0
서초구양재2동,21646.0,2.0,0.0124272382888293,0.0617036767382599,9.103721286874212,0.1494490035169988,1.0
서초구내곡동,17400.0,2.0,0.0033908045977011,0.1128340024920393,9.234445494955152,0.2029287492041442,0.0
강남구신사동,15799.0,2.0,0.0154440154440154,0.0360281195079086,9.60001039186559,0.202552970906499,1.0
강남구논현1동,21954.0,2.0,0.0315660016397922,0.0634039444850255,9.478696648429668,0.143350849784595,1.0
강남구논현2동,21003.0,2.0,0.0162357758415464,0.0430079155672823,9.478696648429668,0.1581592816708959,1.0
강남구삼성1동,12597.0,2.0,0.0200047630388187,0.0317160656975646,9.59473300687501,0.1838157788048325,1.0
강남구삼성2동,30724.0,2.0,0.0084624397864861,0.0342823512101817,9.59473300687501,0.1307669606846575,1.0
강남구대치1동,23829.0,3.0,0.0018884552436107,0.0023565289714444,9.512168663189067,0.1154824982268763,1.0
강남구대치2동,37180.0,3.0,0.0041420118343195,0.0108503270488649,9.512168663189067,0.1452863412967489,1.0
강남구대치4동,19131.0,2.0,0.0140609481992577,0.0667208286787854,9.512168663189067,0.1115227862171174,1.0
강남구역삼1동,35476.0,1.0,0.032359905288082,0.0453950424390861,9.586464547440832,0.1096297158826269,1.0
강남구역삼2동,37261.0,2.0,0.009151659912509,0.0359122983870967,9.586464547440832,0.1069991298673047,1.0
강남구도곡1동,20862.0,3.0,0.0061355574729172,0.0189316290847702,9.222431973029574,0.1526038392727624,1.0
강남구도곡2동,32662.0,3.0,0.0029085787765599,0.0071441017598884,9.222431973029574,0.1617543321576445,1.0
강남구개포1동,6891.0,3.0,0.0024669859236685,0.0617142857142857,9.046978734558634,0.2472431804991294,1.0
강남구개포2동,38873.0,3.0,0.002675378797623,0.0127313967952001,9.16450531218166,0.1297031158142269,1.0
강남구개포4동,23570.0,2.0,0.0074246924056003,0.0708395429706905,9.046978734558634,0.1559456688877498,1.0
강남구일원본동,22850.0,3.0,0.0011378555798687,0.0156191428214419,9.389302960413648,0.1544487723751586,1.0
강남구일원1동,14784.0,2.0,0.0096049783549783,0.2276510067114094,9.389302960413648,0.2384657384657384,1.0
강남구수서동,14280.0,2.0,0.0042016806722689,0.4372087001553599,9.496148439577244,0.3602203701087724,0.0
강남구세곡동,44386.0,2.0,0.0040778623890415,0.1244553087469444,9.3017286286601,0.1584978418527201,0.0
강남구압구정동,25779.0,3.0,0.0066720974436556,0.0151666334065056,9.60001039186559,0.2104728012201321,1.0
강남구청담동,25303.0,2.0,0.0109473184997826,0.0221089982713128,9.55096113440944,0.157461904377973,1.0
송파구풍납1동,12590.0,2.0,0.0401906274821286,0.091466619940424,8.57239324447443,0.2375996642887117,1.0
송파구풍납2동,24234.0,2.0,0.0082941322109433,0.0525198449326195,8.57239324447443,0.174933959495157,1.0
송파구거여1동,12183.0,2.0,0.0060740375933678,0.100556652899982,8.594965014890628,0.2132536123567513,1.0
송파구거여2동,23805.0,2.0,0.0036546943919344,0.0795128230517873,8.594965014890628,0.190689991105087,1.0
송파구마천1동,18459.0,2.0,0.0081261173411344,0.1889554991929905,8.512033905157914,0.2439843620945983,1.0
송파구마천2동,17961.0,2.0,0.0087411614052669,0.1766358422099964,8.512033905157914,0.2447599729546991,1.0
송파구방이1동,15349.0,2.0,0.006059026646687,0.0535422788116225,9.064200684955251,0.1583075199367297,1.0
송파구방이2동,26497.0,2.0,0.0212099482960335,0.0588388271243742,9.064200684955251,0.1440324493934871,1.0
송파구오륜동,17814.0,3.0,0.0011227124733355,0.0015259409969481,9.064200684955251,0.179785982407978,1.0
송파구오금동,37838.0,2.0,0.0063428299593001,0.1028450595924644,8.81516514102921,0.1904914017994995,1.0
송파구송파1동,23882.0,2.0,0.0134410853362364,0.0465544871794871,9.070680524389171,0.1558485750744364,1.0
송파구송파2동,18812.0,3.0,0.0066978524346162,0.0499374043677841,9.070680524389171,0.1687362253399989,1.0
송파구석촌동,31467.0,2.0,0.0177328629993326,0.058747121686249,9.158568015488283,0.1569513967382528,1.0
송파구삼전동,29623.0,2.0,0.0127941126827127,0.0744290248304188,9.206531126002224,0.1481557587588616,0.0
송파구가락본동,25709.0,2.0,0.011202302695554,0.0633247643530419,8.893148469417037,0.1663902708678828,1.0
송파구가락1동,27711.0,3.0,0.0063873552019053,0.0113406237343053,8.893148469417037,0.1431014408383059,1.0
송파구가락2동,31507.0,3.0,0.0057130161551401,0.0466510083421073,8.893148469417037,0.1503870018550502,1.0
송파구문정1동,19785.0,2.0,0.007935304523629,0.0473944824333883,8.836126807371622,0.1691371907585361,1.0
송파구문정2동,28966.0,2.0,0.0064213215494027,0.0060698027314112,8.679754120032037,0.1503856041131105,1.0
송파구장지동,28943.0,2.0,0.0056317589745361,0.138797091870456,8.679754120032037,0.169683416031868,1.0
송파구잠실본동,28355.0,2.0,0.0184799858931405,0.0594090396894954,9.244338818957363,0.1454046639231824,1.0
송파구잠실2동,35034.0,3.0,0.0029685448421533,0.0028534370946822,9.244338818957363,0.1142718001604216,1.0
송파구잠실3동,34110.0,3.0,0.0039871005570214,0.0045623521459952,9.244338818957363,0.1846171994809484,1.0
송파구잠실7동,9433.0,3.0,0.0012721297572352,0.0032602252519264,9.244338818957363,0.2451229855810008,1.0
송파구위례동,44802.0,3.0,0.0029016561760635,0.0747548179137233,8.54590503314622,0.084682190618651,1.0
강동구명일1동,25554.0,3.0,0.0037567504108945,0.0373282898666135,8.822220462393275,0.1756783443263952,0.0
강동구명일2동,17269.0,3.0,0.0034165267241878,0.0275384615384615,8.822220462393275,0.1676848781055449,0.0
강동구고덕1동,23981.0,3.0,0.0043784662858095,0.0380588742455967,8.893104523936891,0.1320975283901135,0.0
강동구고덕2동,22890.0,3.0,0.0071210135430318,0.0657130084935181,8.893104523936891,0.1440748714794147,0.0
강동구암사1동,34311.0,2.0,0.0084229547375477,0.1194827800571926,8.7067683769215,0.1933732629156463,0.0
강동구암사2동,14959.0,2.0,0.0046126077946386,0.0266834091979281,8.7067683769215,0.1756411977977709,0.0
강동구암사3동,17440.0,3.0,0.0024082568807339,0.0215140731154966,8.7067683769215,0.168108918887735,0.0
강동구천호1동,26470.0,2.0,0.0099735549678881,0.1281180013900687,8.580596067953515,0.2176693600888446,0.0
강동구천호2동,33718.0,2.0,0.0185954089803665,0.1138276097339094,8.580596067953515,0.1916009702850212,0.0
강동구천호3동,26734.0,2.0,0.0182913144310615,0.096702993516347,8.580596067953515,0.1899560817261791,0.0
강동구성내1동,19734.0,2.0,0.007803790412486,0.0400823443933155,8.70128151988289,0.1698354942858607,0.0
강동구성내2동,23303.0,2.0,0.0238595888941338,0.0733785703014044,8.70128151988289,0.2023041275066048,0.0
강동구성내3동,22882.0,2.0,0.0141158989598811,0.0665912092058102,8.70128151988289,0.1897472410110359,0.0
강동구둔촌1동,70.0,2.0,0.1285714285714285,0.0263157894736842,8.65897049289461,0.1612903225806451,0.0
강동구둔촌2동,24169.0,2.0,0.0045926600190326,0.0518927292090231,8.65897049289461,0.1844328227243429,0.0
강동구길동,45142.0,2.0,0.0073988746621771,0.0745412321843267,8.771733078972803,0.1980415443565554,1.0
강동구강일동,32996.0,3.0,0.0056067402109346,0.1708749713936989,8.582020733283294,0.1866858736629172,0.0
