시군구,0,spread
강남구개포동,강남구개포1동,0.560650008010495
강남구개포동,강남구개포2동,0.560650008010495
강남구개포동,강남구개포3동,0.560650008010495
강남구개포동,강남구개포4동,0.560650008010495
강남구논현동,강남구논현1동,0.397695253834461
강남구논현동,강남구논현2동,0.397695253834461
강남구대치동,강남구대치1동,0.5436841542491426
강남구대치동,강남구대치2동,0.5436841542491426
강남구대치동,강남구대치4동,0.5436841542491426
강남구대치동,강남구개포3동,0.5436841542491426
강남구도곡동,강남구도곡1동,0.4443324726383625
강남구도곡동,강남구도곡2동,0.4443324726383625
강남구삼성동,강남구삼성1동,0.5301428306862533
강남구삼성동,강남구삼성2동,0.5301428306862533
강남구세곡동,강남구세곡동,0.6410354654992072
강남구수서동,강남구일원본동,0.5957404000047057
강남구수서동,강남구일원1동,0.5957404000047057
강남구수서동,강남구수서동,0.5957404000047057
강남구신사동,강남구신사동,0.4915665947934202
강남구신사동,강남구압구정동,0.4915665947934202
강남구압구정동,강남구신사동,0.7371205595836245
강남구압구정동,강남구압구정동,0.7371205595836245
강남구역삼동,강남구역삼1동,0.4615050288101524
강남구역삼동,강남구역삼2동,0.4615050288101524
강남구율현동,강남구세곡동,0.3144799329719616
강남구일원동,강남구개포2동,0.5863544409279415
강남구일원동,강남구개포3동,0.5863544409279415
강남구일원동,강남구일원본동,0.5863544409279415
강남구일원동,강남구일원1동,0.5863544409279415
강남구자곡동,강남구세곡동,0.5649659555613398
강남구청담동,강남구청담동,0.6523187881721959
강동구강일동,강동구강일동,0.5953788307020191
강동구고덕동,강동구고덕제1동,0.5032470154397253
강동구고덕동,강동구고덕제2동,0.5032470154397253
강동구길동,강동구길동,0.2775966507036738
강동구둔촌동,강동구둔촌제1동,0.3466003302068431
강동구둔촌동,강동구둔촌제2동,0.3466003302068431
강동구명일동,강동구명일제1동,0.4694182896814067
강동구명일동,강동구명일제2동,0.4694182896814067
강동구상일동,강동구상일제1동,0.5486295205469371
강동구상일동,강동구상일제2동,0.5486295205469371
강동구성내동,강동구성내제1동,0.2586894369378615
강동구성내동,강동구성내제2동,0.2586894369378615
강동구성내동,강동구성내제3동,0.2586894369378615
강동구암사동,강동구암사제1동,0.4171760082961436
강동구암사동,강동구암사제2동,0.4171760082961436
강동구암사동,강동구암사제3동,0.4171760082961436
강동구천호동,강동구천호제1동,0.2867165588360767
강동구천호동,강동구천호제2동,0.2867165588360767
강동구천호동,강동구천호제3동,0.2867165588360767
강북구미아동,강북구삼양동,0.3990266922713571
강북구미아동,강북구미아동,0.3990266922713571
강북구미아동,강북구송중동,0.3990266922713571
강북구미아동,강북구송천동,0.3990266922713571
강북구미아동,강북구삼각산동,0.3990266922713571
강북구번동,강북구번1동,0.4458688939771372
강북구번동,강북구번2동,0.4458688939771372
강북구번동,강북구번3동,0.4458688939771372
강북구수유동,강북구수유1동,0.256059137232267
강북구수유동,강북구수유2동,0.256059137232267
강북구수유동,강북구수유3동,0.256059137232267
강북구수유동,강북구우이동,0.256059137232267
강북구수유동,강북구인수동,0.256059137232267
강북구우이동,강북구우이동,0.3299301736309795
강서구가양동,강서구염창동,0.4503918591640855
강서구가양동,강서구가양제1동,0.4503918591640855
강서구가양동,강서구가양제2동,0.4503918591640855
강서구가양동,강서구가양제3동,0.4503918591640855
강서구공항동,강서구공항동,0.4330283749481198
강서구공항동,강서구방화제1동,0.4330283749481198
강서구내발산동,강서구발산제1동,0.3952489047826363
강서구내발산동,강서구우장산동,0.3952489047826363
강서구등촌동,강서구등촌제1동,0.3480104081481254
강서구등촌동,강서구등촌제2동,0.3480104081481254
강서구등촌동,강서구등촌제3동,0.3480104081481254
강서구마곡동,강서구가양제1동,0.5457186001797669
강서구마곡동,강서구발산제1동,0.5457186001797669
강서구마곡동,강서구공항동,0.5457186001797669
강서구마곡동,강서구방화제1동,0.5457186001797669
강서구방화동,강서구공항동,0.3947506655334543
강서구방화동,강서구방화제1동,0.3947506655334543
강서구방화동,강서구방화제2동,0.3947506655334543
강서구방화동,강서구방화제3동,0.3947506655334543
강서구염창동,강서구염창동,0.2594241068849474
강서구화곡동,강서구화곡제1동,0.2675782554103634
강서구화곡동,강서구화곡제2동,0.2675782554103634
강서구화곡동,강서구화곡제3동,0.2675782554103634
강서구화곡동,강서구화곡제4동,0.2675782554103634
강서구화곡동,강서구화곡본동,0.2675782554103634
강서구화곡동,강서구화곡제6동,0.2675782554103634
강서구화곡동,강서구화곡제8동,0.2675782554103634
강서구화곡동,강서구우장산동,0.2675782554103634
관악구남현동,관악구남현동,0.1493241800429011
관악구봉천동,관악구보라매동,0.3234547388736947
관악구봉천동,관악구청림동,0.3234547388736947
관악구봉천동,관악구성현동,0.3234547388736947
관악구봉천동,관악구행운동,0.3234547388736947
관악구봉천동,관악구낙성대동,0.3234547388736947
관악구봉천동,관악구청룡동,0.3234547388736947
관악구봉천동,관악구은천동,0.3234547388736947
관악구봉천동,관악구중앙동,0.3234547388736947
관악구봉천동,관악구인헌동,0.3234547388736947
관악구신림동,관악구서원동,0.2299205089910474
관악구신림동,관악구신원동,0.2299205089910474
관악구신림동,관악구서림동,0.2299205089910474
관악구신림동,관악구신사동,0.2299205089910474
관악구신림동,관악구신림동,0.2299205089910474
관악구신림동,관악구난향동,0.2299205089910474
관악구신림동,관악구조원동,0.2299205089910474
관악구신림동,관악구대학동,0.2299205089910474
관악구신림동,관악구삼성동,0.2299205089910474
관악구신림동,관악구미성동,0.2299205089910474
관악구신림동,관악구난곡동,0.2299205089910474
광진구광장동,광진구광장동,0.4884169689588807
광진구구의동,광진구구의제1동,0.3730924893109717
광진구구의동,광진구구의제2동,0.3730924893109717
광진구구의동,광진구구의제3동,0.3730924893109717
광진구군자동,광진구군자동,0.2794938824478186
광진구자양동,광진구자양제1동,0.4383302813724485
광진구자양동,광진구자양제2동,0.4383302813724485
광진구자양동,광진구자양제3동,0.4383302813724485
광진구자양동,광진구자양제4동,0.4383302813724485
광진구중곡동,광진구중곡제1동,0.2784262582271295
광진구중곡동,광진구중곡제2동,0.2784262582271295
광진구중곡동,광진구중곡제3동,0.2784262582271295
광진구중곡동,광진구중곡제4동,0.2784262582271295
광진구화양동,광진구화양동,0.2653113816449267
구로구가리봉동,구로구가리봉동,0.2436656079481247
구로구개봉동,구로구개봉제1동,0.3580174090513947
구로구개봉동,구로구개봉제2동,0.3580174090513947
구로구개봉동,구로구개봉제3동,0.3580174090513947
구로구고척동,구로구고척제1동,0.4163019734437989
구로구고척동,구로구고척제2동,0.4163019734437989
구로구구로동,구로구구로제1동,0.406390145022748
구로구구로동,구로구구로제2동,0.406390145022748
구로구구로동,구로구구로제3동,0.406390145022748
구로구구로동,구로구구로제4동,0.406390145022748
구로구구로동,구로구구로제5동,0.406390145022748
구로구신도림동,구로구신도림동,0.5101538849267742
구로구오류동,구로구오류제1동,0.3280328934083221
구로구오류동,구로구오류제2동,0.3280328934083221
구로구온수동,구로구수궁동,0.414958089532787
구로구천왕동,구로구오류제2동,0.557908041822703
구로구항동,구로구항동,0.4421149721503585
금천구가산동,금천구가산동,0.0311562980398755
금천구독산동,금천구독산제1동,0.3466842861507182
금천구독산동,금천구독산제2동,0.3466842861507182
금천구독산동,금천구독산제3동,0.3466842861507182
금천구독산동,금천구독산제4동,0.3466842861507182
금천구시흥동,금천구시흥제1동,0.3606803925390263
금천구시흥동,금천구시흥제2동,0.3606803925390263
금천구시흥동,금천구시흥제3동,0.3606803925390263
금천구시흥동,금천구시흥제4동,0.3606803925390263
금천구시흥동,금천구시흥제5동,0.3606803925390263
노원구공릉동,노원구공릉1동,0.3196163657914915
노원구공릉동,노원구공릉2동,0.3196163657914915
노원구상계동,노원구중계4동,0.5175457254965671
노원구상계동,노원구상계1동,0.5175457254965671
노원구상계동,노원구상계2동,0.5175457254965671
노원구상계동,노원구상계3.4동,0.5175457254965671
노원구상계동,노원구상계5동,0.5175457254965671
노원구상계동,노원구상계6.7동,0.5175457254965671
노원구상계동,노원구상계8동,0.5175457254965671
노원구상계동,노원구상계9동,0.5175457254965671
노원구상계동,노원구상계10동,0.5175457254965671
노원구월계동,노원구월계1동,0.4675886375449445
노원구월계동,노원구월계2동,0.4675886375449445
노원구월계동,노원구월계3동,0.4675886375449445
노원구중계동,노원구중계본동,0.3902964289897556
노원구중계동,노원구중계1동,0.3902964289897556
노원구중계동,노원구중계4동,0.3902964289897556
노원구중계동,노원구중계2.3동,0.3902964289897556
노원구하계동,노원구하계1동,0.4015622203305159
노원구하계동,노원구하계2동,0.4015622203305159
도봉구도봉동,도봉구도봉제1동,0.339195717788909
도봉구도봉동,도봉구도봉제2동,0.339195717788909
도봉구방학동,도봉구방학제1동,0.3141970571907246
도봉구방학동,도봉구방학제2동,0.3141970571907246
도봉구방학동,도봉구방학제3동,0.3141970571907246
도봉구쌍문동,도봉구쌍문제1동,0.3576493609347403
도봉구쌍문동,도봉구쌍문제2동,0.3576493609347403
도봉구쌍문동,도봉구쌍문제3동,0.3576493609347403
도봉구쌍문동,도봉구쌍문제4동,0.3576493609347403
도봉구창동,도봉구창제1동,0.4517815461669585
도봉구창동,도봉구창제2동,0.4517815461669585
도봉구창동,도봉구창제3동,0.4517815461669585
도봉구창동,도봉구창제4동,0.4517815461669585
도봉구창동,도봉구창제5동,0.4517815461669585
동대문구답십리동,동대문구답십리제1동,0.338112133547309
동대문구답십리동,동대문구답십리제2동,0.338112133547309
동대문구신설동,동대문구용신동,0.2347216107270026
동대문구용두동,동대문구용신동,0.3205885319852046
동대문구이문동,동대문구이문제1동,0.3806628347712425
동대문구이문동,동대문구이문제2동,0.3806628347712425
동대문구장안동,동대문구장안제1동,0.2857426453664011
동대문구장안동,동대문구장안제2동,0.2857426453664011
동대문구전농동,동대문구전농제1동,0.4582754626106219
동대문구전농동,동대문구전농제2동,0.4582754626106219
동대문구제기동,동대문구제기동,0.3304506746314594
동대문구청량리동,동대문구청량리동,0.5008627251071455
동대문구회기동,동대문구회기동,0.1674301897067488
동대문구휘경동,동대문구휘경제1동,0.3047759717919224
동대문구휘경동,동대문구휘경제2동,0.3047759717919224
동작구노량진동,동작구노량진제1동,0.607177199487906
동작구노량진동,동작구노량진제2동,0.607177199487906
동작구대방동,동작구대방동,0.4456857244147711
동작구동작동,동작구사당제2동,0.3579839164529265
동작구본동,동작구노량진제1동,0.5795958739063096
동작구사당동,동작구사당제1동,0.4202326005343293
동작구사당동,동작구사당제2동,0.4202326005343293
동작구사당동,동작구사당제3동,0.4202326005343293
동작구사당동,동작구사당제4동,0.4202326005343293
동작구사당동,동작구사당제5동,0.4202326005343293
동작구상도1동,동작구상도제1동,0.1866692498505027
동작구상도동,동작구상도제1동,0.3733728965596007
동작구상도동,동작구상도제2동,0.3733728965596007
동작구상도동,동작구상도제3동,0.3733728965596007
동작구상도동,동작구상도제4동,0.3733728965596007
동작구신대방동,동작구신대방제1동,0.4293359300322491
동작구신대방동,동작구신대방제2동,0.4293359300322491
동작구흑석동,동작구흑석동,0.5220448351648832
마포구공덕동,마포구아현동,0.5150522670994913
마포구공덕동,마포구공덕동,0.5150522670994913
마포구공덕동,마포구염리동,0.5150522670994913
마포구노고산동,마포구대흥동,0.3899373444112518
마포구노고산동,마포구서교동,0.3899373444112518
마포구대흥동,마포구용강동,0.4162752065653633
마포구대흥동,마포구대흥동,0.4162752065653633
마포구대흥동,마포구신수동,0.4162752065653633
마포구도화동,마포구공덕동,0.5554753566932694
마포구도화동,마포구도화동,0.5554753566932694
마포구도화동,마포구용강동,0.5554753566932694
마포구동교동,마포구서교동,0.7825200606709672
마포구마포동,마포구도화동,0.3901045453355353
마포구마포동,마포구용강동,0.3901045453355353
마포구망원동,마포구망원제1동,0.3337133548847766
마포구망원동,마포구망원제2동,0.3337133548847766
마포구상수동,마포구서강동,0.4805631466445402
마포구상암동,마포구상암동,0.4807555879833886
마포구서교동,마포구서교동,0.1920640288995998
마포구성산동,마포구성산제1동,0.558095489392737
마포구성산동,마포구성산제2동,0.558095489392737
마포구신공덕동,마포구공덕동,0.400000036411571
마포구신수동,마포구대흥동,0.4788086769622953
마포구신수동,마포구신수동,0.4788086769622953
마포구신정동,마포구신수동,0.4453952024378337
마포구신정동,마포구서강동,0.4453952024378337
마포구아현동,마포구아현동,0.5110156004860105
마포구아현동,마포구공덕동,0.5110156004860105
마포구연남동,마포구연남동,0.3216882801388505
마포구염리동,마포구아현동,0.5740503495835372
마포구염리동,마포구용강동,0.5740503495835372
마포구염리동,마포구염리동,0.5740503495835372
마포구용강동,마포구용강동,0.4920114946301417
마포구중동,마포구성산제2동,0.4342267072367166
마포구창전동,마포구서강동,0.3601315925715859
마포구토정동,마포구용강동,0.2048350831207674
마포구하중동,마포구서강동,0.4192745289473601
마포구합정동,마포구합정동,0.4665634535048235
마포구현석동,마포구신수동,0.5224714336120704
서대문구남가좌동,서대문구남가좌제1동,0.3928681784634987
서대문구남가좌동,서대문구남가좌제2동,0.3928681784634987
서대문구냉천동,서대문구천연동,0.3707526712517454
서대문구대현동,서대문구북아현동,0.3259863040857886
서대문구대현동,서대문구신촌동,0.3259863040857886
서대문구북가좌동,서대문구북가좌제1동,0.4750968356058007
서대문구북가좌동,서대문구북가좌제2동,0.4750968356058007
서대문구북아현동,서대문구북아현동,0.5474545717363115
서대문구북아현동,서대문구충현동,0.5474545717363115
서대문구연희동,서대문구연희동,0.3539363521129759
서대문구영천동,서대문구천연동,0.4075480876702555
서대문구창천동,서대문구신촌동,0.0884983114347685
서대문구천연동,서대문구천연동,0.4512819994440737
서대문구충정로2가,서대문구충현동,0.2948555042373391
서대문구충정로3가,서대문구충현동,0.601265128497164
서대문구합동,서대문구충현동,0.3115013720116363
서대문구현저동,서대문구천연동,0.3549721426790141
서대문구홍은동,서대문구홍은제1동,0.2752538587492634
서대문구홍은동,서대문구홍은제2동,0.2752538587492634
서대문구홍제동,서대문구홍제제1동,0.4341352317722905
서대문구홍제동,서대문구홍제제3동,0.4341352317722905
서대문구홍제동,서대문구홍제제2동,0.4341352317722905
서초구내곡동,서초구내곡동,0.5093470939834941
서초구반포동,서초구반포본동,0.5348252681734644
서초구반포동,서초구반포1동,0.5348252681734644
서초구반포동,서초구반포2동,0.5348252681734644
서초구반포동,서초구반포4동,0.5348252681734644
서초구방배동,서초구서초3동,0.5154221271252337
서초구방배동,서초구방배본동,0.5154221271252337
서초구방배동,서초구방배1동,0.5154221271252337
서초구방배동,서초구방배2동,0.5154221271252337
서초구방배동,서초구방배3동,0.5154221271252337
서초구방배동,서초구방배4동,0.5154221271252337
서초구서초동,서초구서초1동,0.4032887706640558
서초구서초동,서초구서초2동,0.4032887706640558
서초구서초동,서초구서초3동,0.4032887706640558
서초구서초동,서초구서초4동,0.4032887706640558
서초구신원동,서초구내곡동,0.3731986806951614
서초구양재동,서초구양재1동,0.4789214545070195
서초구양재동,서초구양재2동,0.4789214545070195
서초구우면동,서초구양재1동,0.546292705585232
서초구잠원동,서초구잠원동,0.5802100498065212
서초구잠원동,서초구반포3동,0.5802100498065212
성동구금호동1가,성동구금호1가동,0.4945806713412809
성동구금호동2가,성동구금호2.3가동,0.4621185882053512
성동구금호동3가,성동구금호2.3가동,0.5552703282988187
성동구금호동4가,성동구금호4가동,0.4969102157893278
성동구도선동,성동구왕십리도선동,0.2474282173916042
성동구마장동,성동구마장동,0.442314708169085
성동구사근동,성동구사근동,0.1968661048709178
성동구상왕십리동,성동구왕십리도선동,0.3642665749946052
성동구성수동1가,성동구성수1가제1동,0.6131096143788208
성동구성수동1가,성동구성수1가제2동,0.6131096143788208
성동구성수동2가,성동구성수2가제1동,0.7135204547405355
성동구성수동2가,성동구성수2가제3동,0.7135204547405355
성동구송정동,성동구송정동,0.4130033310862847
성동구송정동,성동구용답동,0.4130033310862847
성동구옥수동,성동구옥수동,0.4437249604126579
성동구용답동,성동구용답동,0.3348729733467033
성동구응봉동,성동구응봉동,0.5220840867865955
성동구하왕십리동,성동구왕십리제2동,0.0404924987695518
성동구하왕십리동,성동구왕십리도선동,0.0404924987695518
성동구행당동,성동구사근동,0.4889771715205584
성동구행당동,성동구행당제1동,0.4889771715205584
성동구행당동,성동구행당제2동,0.4889771715205584
성동구홍익동,성동구왕십리도선동,0.2795399406095371
성북구길음동,성북구정릉제1동,0.4127254010929824
성북구길음동,성북구길음제1동,0.4127254010929824
성북구길음동,성북구길음제2동,0.4127254010929824
성북구돈암동,성북구삼선동,0.3542656296547045
성북구돈암동,성북구동선동,0.3542656296547045
성북구돈암동,성북구돈암제1동,0.3542656296547045
성북구돈암동,성북구돈암제2동,0.3542656296547045
성북구돈암동,성북구정릉제1동,0.3542656296547045
성북구돈암동,성북구정릉제2동,0.3542656296547045
성북구동선동4가,성북구동선동,0.0833489650115754
성북구동소문동4가,성북구성북동,0.2848550181606648
성북구동소문동5가,성북구삼선동,0.060346359257925
성북구동소문동7가,성북구동선동,0.1911336692197328
성북구보문동2가,성북구보문동,0.0692914706152431
성북구보문동3가,성북구보문동,0.0011706336231541
성북구보문동4가,성북구보문동,0.3839965073082756
성북구보문동6가,성북구보문동,0.3497669183084564
성북구삼선동2가,성북구삼선동,0.3610593683696823
성북구삼선동3가,성북구삼선동,0.4512395774897711
성북구삼선동4가,성북구삼선동,-0.3728369034662262
성북구상월곡동,성북구월곡제2동,0.3223650091566481
성북구석관동,성북구석관동,0.3580765095051583
성북구성북동1가,성북구성북동,0.3632094279882145
성북구안암동1가,성북구안암동,0.0479589326888668
성북구안암동3가,성북구안암동,0.4012730724922393
성북구안암동5가,성북구안암동,0.6483011574389463
성북구장위동,성북구장위제1동,0.4172593022053742
성북구장위동,성북구장위제2동,0.4172593022053742
성북구장위동,성북구장위제3동,0.4172593022053742
성북구정릉동,성북구정릉제1동,0.364896440191099
성북구정릉동,성북구정릉제2동,0.364896440191099
성북구정릉동,성북구정릉제3동,0.364896440191099
성북구정릉동,성북구정릉제4동,0.364896440191099
성북구종암동,성북구종암동,0.3668850482027171
성북구하월곡동,성북구길음제2동,0.3753378945491703
성북구하월곡동,성북구월곡제1동,0.3753378945491703
성북구하월곡동,성북구월곡제2동,0.3753378945491703
송파구가락동,송파구가락본동,0.4425477667299512
송파구가락동,송파구가락1동,0.4425477667299512
송파구가락동,송파구가락2동,0.4425477667299512
송파구거여동,송파구거여1동,0.5268623814686588
송파구거여동,송파구거여2동,0.5268623814686588
송파구거여동,송파구위례동,0.5268623814686588
송파구마천동,송파구마천1동,0.6308537305851039
송파구마천동,송파구마천2동,0.6308537305851039
송파구문정동,송파구문정1동,0.4698253056075139
송파구문정동,송파구문정2동,0.4698253056075139
송파구문정동,송파구장지동,0.4698253056075139
송파구방이동,송파구방이1동,0.507261126351402
송파구방이동,송파구방이2동,0.507261126351402
송파구방이동,송파구오륜동,0.507261126351402
송파구삼전동,송파구삼전동,0.2253388218050469
송파구석촌동,송파구석촌동,0.3223988425370492
송파구송파동,송파구송파1동,0.4594801029356665
송파구송파동,송파구송파2동,0.4594801029356665
송파구신천동,송파구잠실4동,0.52733428333374
송파구신천동,송파구잠실6동,0.52733428333374
송파구오금동,송파구오금동,0.4551603842759961
송파구잠실동,송파구잠실본동,0.5365342708562602
송파구잠실동,송파구잠실2동,0.5365342708562602
송파구잠실동,송파구잠실3동,0.5365342708562602
송파구잠실동,송파구잠실7동,0.5365342708562602
송파구장지동,송파구문정2동,0.4810731722559567
송파구장지동,송파구장지동,0.4810731722559567
송파구장지동,송파구위례동,0.4810731722559567
송파구풍납동,송파구풍납1동,0.4382147257948168
송파구풍납동,송파구풍납2동,0.4382147257948168
양천구목동,양천구목1동,0.4743535997357867
양천구목동,양천구목2동,0.4743535997357867
양천구목동,양천구목3동,0.4743535997357867
양천구목동,양천구목4동,0.4743535997357867
양천구목동,양천구목5동,0.4743535997357867
양천구신월동,양천구신월1동,0.4169838444625138
양천구신월동,양천구신월2동,0.4169838444625138
양천구신월동,양천구신월3동,0.4169838444625138
양천구신월동,양천구신월4동,0.4169838444625138
양천구신월동,양천구신월5동,0.4169838444625138
양천구신월동,양천구신월6동,0.4169838444625138
양천구신월동,양천구신월7동,0.4169838444625138
양천구신정동,양천구신정1동,0.5475671230979884
양천구신정동,양천구신정2동,0.5475671230979884
양천구신정동,양천구신정3동,0.5475671230979884
양천구신정동,양천구신정4동,0.5475671230979884
양천구신정동,양천구신정6동,0.5475671230979884
양천구신정동,양천구신정7동,0.5475671230979884
영등포구당산동,영등포구당산제2동,0.2082781955212936
영등포구당산동1가,영등포구당산제1동,0.3494413343559326
영등포구당산동2가,영등포구당산제1동,-0.1899194091384177
영등포구당산동3가,영등포구당산제1동,0.3193981685618062
영등포구당산동4가,영등포구당산제2동,0.4104164689359668
영등포구당산동5가,영등포구당산제2동,0.3763948730198004
영등포구당산동6가,영등포구당산제2동,0.7613151440393727
영등포구대림동,영등포구신길제5동,0.3846301847546721
영등포구대림동,영등포구대림제1동,0.3846301847546721
영등포구대림동,영등포구대림제2동,0.3846301847546721
영등포구대림동,영등포구대림제3동,0.3846301847546721
영등포구도림동,영등포구도림동,0.4284152731794087
영등포구문래동2가,영등포구문래동,0.6512804081124816
영등포구문래동3가,영등포구문래동,0.3592478026720931
영등포구문래동5가,영등포구문래동,0.6327645356457509
영등포구문래동6가,영등포구문래동,0.4013643253633651
영등포구신길동,영등포구영등포본동,0.5265285754899184
영등포구신길동,영등포구신길제1동,0.5265285754899184
영등포구신길동,영등포구신길제3동,0.5265285754899184
영등포구신길동,영등포구신길제4동,0.5265285754899184
영등포구신길동,영등포구신길제5동,0.5265285754899184
영등포구신길동,영등포구신길제6동,0.5265285754899184
영등포구신길동,영등포구신길제7동,0.5265285754899184
영등포구양평동1가,영등포구양평제1동,0.4021838628410694
영등포구양평동2가,영등포구양평제1동,0.2011464915970936
영등포구양평동3가,영등포구양평제1동,0.3042490551651179
영등포구양평동3가,영등포구양평제2동,0.3042490551651179
영등포구양평동4가,영등포구양평제2동,0.3198590952152488
영등포구양평동5가,영등포구양평제2동,0.4125304431076528
영등포구양평동6가,영등포구양평제2동,0.3712913087602272
영등포구여의도동,영등포구여의동,0.658827601646047
영등포구영등포동,영등포구영등포본동,0.3341596337949174
영등포구영등포동,영등포구영등포동,0.3341596337949174
영등포구영등포동1가,영등포구영등포동,0.0927676763393658
영등포구영등포동2가,영등포구영등포동,0.2531823782737581
영등포구영등포동3가,영등포구영등포동,-0.9397323714668264
영등포구영등포동4가,영등포구영등포동,-0.2361250702649706
영등포구영등포동5가,영등포구영등포동,-0.2946146542612529
영등포구영등포동7가,영등포구영등포동,0.3187701937150213
영등포구영등포동8가,영등포구영등포동,0.2841658050837958
용산구도원동,용산구용문동,0.1162132732400529
용산구동자동,용산구남영동,0.5469521966321012
용산구문배동,용산구원효로제1동,-0.0674827364913619
용산구보광동,용산구보광동,0.8243371185701545
용산구산천동,용산구원효로제2동,0.5450413730751678
용산구서빙고동,용산구서빙고동,0.7449001949842475
용산구신계동,용산구원효로제1동,0.553481715955287
용산구용문동,용산구용문동,0.4539001679988291
용산구용산동2가,용산구용산2가동,0.4289715038874887
용산구용산동5가,용산구한강로동,0.4604332713045567
용산구원효로1가,용산구원효로제1동,0.5269654214640478
용산구원효로2가,용산구원효로제1동,0.66802355897145
용산구원효로3가,용산구원효로제2동,0.4922273410726826
용산구원효로4가,용산구원효로제2동,0.6918414539798787
용산구이촌동,용산구이촌제1동,0.6502878372986046
용산구이촌동,용산구이촌제2동,0.6502878372986046
용산구이태원동,용산구이태원제1동,0.6414688574354634
용산구이태원동,용산구이태원제2동,0.6414688574354634
용산구청암동,용산구원효로제2동,0.1838567725227956
용산구청파동1가,용산구청파동,0.53067398047037
용산구청파동3가,용산구청파동,0.5787075930193137
용산구한강로1가,용산구한강로동,0.0946757635778967
용산구한강로2가,용산구한강로동,0.3671276774973971
용산구한강로3가,용산구한강로동,0.4598907764853834
용산구한남동,용산구한남동,0.6689107401596082
용산구효창동,용산구효창동,0.4915146022380587
용산구후암동,용산구후암동,0.6048191608960722
은평구갈현동,은평구갈현제1동,0.1742078540382921
은평구갈현동,은평구갈현제2동,0.1742078540382921
은평구구산동,은평구구산동,0.3195785450160873
은평구녹번동,은평구녹번동,0.4467285219684368
은평구대조동,은평구대조동,0.3434749519546124
은평구불광동,은평구불광제1동,0.3979814281384199
은평구불광동,은평구불광제2동,0.3979814281384199
은평구수색동,은평구수색동,0.4314050274515878
은평구신사동,은평구신사제1동,0.3298752469186742
은평구신사동,은평구신사제2동,0.3298752469186742
은평구역촌동,은평구역촌동,0.1952646562320376
은평구응암동,은평구응암제1동,0.3669244021246347
은평구응암동,은평구응암제2동,0.3669244021246347
은평구응암동,은평구응암제3동,0.3669244021246347
은평구증산동,은평구증산동,0.5249259054528224
은평구진관동,은평구진관동,0.4835434195003798
종로구구기동,종로구평창동,0.4157159156434957
종로구내수동,종로구사직동,0.0768458600939647
종로구누상동,종로구청운효자동,0.7697437008582528
종로구당주동,종로구사직동,0.2760796464330203
종로구동숭동,종로구이화동,0.1829635882622039
종로구명륜1가,종로구혜화동,0.4433568888058061
종로구명륜2가,종로구혜화동,0.2341047043375836
종로구무악동,종로구무악동,0.2899680353260119
종로구사직동,종로구사직동,0.4449936281540451
종로구숭인동,종로구숭인제1동,0.2606524268905923
종로구숭인동,종로구숭인제2동,0.2606524268905923
종로구신교동,종로구청운효자동,0.7567087991141486
종로구신문로1가,종로구사직동,0.3812388677902654
종로구신문로2가,종로구사직동,0.8547788272896325
종로구연건동,종로구이화동,0.8710038792668403
종로구연지동,종로구종로5.6가동,0.3700537575181641
종로구익선동,종로구종로1.2.3.4가동,0.2479681787133241
종로구인의동,종로구종로1.2.3.4가동,0.2938060642727051
종로구창신동,종로구창신제1동,0.5269642078132923
종로구창신동,종로구창신제2동,0.5269642078132923
종로구창신동,종로구창신제3동,0.5269642078132923
종로구청운동,종로구청운효자동,0.3624142471654682
종로구충신동,종로구종로5.6가동,-0.983169837333471
종로구평동,종로구교남동,0.4158591743096553
종로구평창동,종로구평창동,0.2664033306810608
종로구필운동,종로구사직동,-0.1504650207316822
종로구행촌동,종로구교남동,0.4187645908238272
종로구홍파동,종로구교남동,0.3053250211090538
종로구효제동,종로구종로5.6가동,-0.0477242035644223
중구남창동,중구회현동,0.3091269744572924
중구만리동1가,중구중림동,0.151341839174591
중구만리동2가,중구중림동,0.4430882771897612
중구묵정동,중구필동,-0.0342298986720774
중구묵정동,중구장충동,-0.0342298986720774
중구산림동,중구을지로동,1.0
중구순화동,중구소공동,0.2449566341597575
중구순화동,중구회현동,0.2449566341597575
중구신당동,중구신당동,0.3638505467356906
중구신당동,중구다산동,0.3638505467356906
중구신당동,중구약수동,0.3638505467356906
중구신당동,중구청구동,0.3638505467356906
중구신당동,중구신당제5동,0.3638505467356906
중구신당동,중구동화동,0.3638505467356906
중구예장동,중구명동,0.1917525060640772
중구예장동,중구필동,0.1917525060640772
중구오장동,중구광희동,0.0091215543150268
중구을지로5가,중구을지로동,1.0
중구인현동2가,중구광희동,-0.166610979824249
중구입정동,중구을지로동,0.3329917857893532
중구장충동1가,중구장충동,0.3899176211953736
중구장충동2가,중구필동,0.668526818452197
중구장충동2가,중구장충동,0.668526818452197
중구정동,중구소공동,0.0996114011081077
중구중림동,중구중림동,0.4672538877558564
중구충무로4가,중구필동,0.3186645760019648
중구충무로4가,중구광희동,0.3186645760019648
중구충무로5가,중구필동,-0.0631002522315062
중구충무로5가,중구광희동,-0.0631002522315062
중구황학동,중구황학동,0.1813071873504
중구회현동1가,중구회현동,-0.165714589937431
중구회현동1가,중구명동,-0.165714589937431
중구회현동2가,중구회현동,0.066731140475045
중구회현동2가,중구명동,0.066731140475045
중구흥인동,중구신당동,-0.0838096124233576
중랑구망우동,중랑구망우본동,0.2847308611971731
중랑구망우동,중랑구망우제3동,0.2847308611971731
중랑구면목동,중랑구면목제2동,0.3410344490475064
중랑구면목동,중랑구면목제4동,0.3410344490475064
중랑구면목동,중랑구면목제5동,0.3410344490475064
중랑구면목동,중랑구면목본동,0.3410344490475064
중랑구면목동,중랑구면목제7동,0.3410344490475064
중랑구면목동,중랑구면목제3.8동,0.3410344490475064
중랑구묵동,중랑구묵제1동,0.3071126581177601
중랑구묵동,중랑구묵제2동,0.3071126581177601
중랑구상봉동,중랑구상봉제1동,0.2133065237055399
중랑구상봉동,중랑구상봉제2동,0.2133065237055399
중랑구신내동,중랑구신내1동,0.3279083864133733
중랑구신내동,중랑구신내2동,0.3279083864133733
중랑구중화동,중랑구중화제1동,0.3466593584235132
중랑구중화동,중랑구중화제2동,0.3466593584235132
강서구개화동,강서구방화제2동,1.0
강서구외발산동,강서구발산제1동,-0.0578732180368117
광진구능동,광진구능동,-0.967888793260388
구로구궁동,구로구수궁동,-0.5892699119976432
마포구구수동,마포구신수동,0.0142621914843078
마포구당인동,마포구서강동,0.7382234132602759
서대문구옥천동,서대문구천연동,0.4811984579075787
성북구동선동2가,성북구동선동,0.0269238957801358
성북구동선동3가,성북구동선동,-0.6165113548078196
성북구동선동5가,성북구동선동,-0.4002467995832193
성북구동소문동1가,성북구성북동,0.3105289478258095
성북구동소문동6가,성북구동선동,-3.135572604078062
성북구보문동5가,성북구보문동,0.4176241993323419
성북구보문동7가,성북구보문동,-0.421731473249278
성북구삼선동1가,성북구삼선동,0.5814034947399794
성북구삼선동5가,성북구삼선동,0.4879870070057632
성북구성북동,성북구성북동,-0.225753312421101
성북구안암동2가,성북구안암동,-0.0131936658345028
성북구안암동4가,성북구안암동,0.4768311891946978
영등포구영등포동6가,영등포구영등포동,0.250020642314778
용산구갈월동,용산구남영동,0.8512838601805923
용산구남영동,용산구남영동,0.8461254727159172
용산구동빙고동,용산구서빙고동,0.6516559543190064
용산구서계동,용산구청파동,0.7320793603842015
용산구신창동,용산구원효로제2동,0.2684991030180373
용산구주성동,용산구서빙고동,0.9427146921795828
용산구청파동2가,용산구청파동,0.5527125666113226
종로구계동,종로구가회동,0.3576659587949472
종로구명륜3가,종로구혜화동,-0.4406860754067876
종로구부암동,종로구부암동,-1.1043736004343565
종로구신영동,종로구부암동,-0.6496842078167955
종로구옥인동,종로구청운효자동,0.5230629561839095
종로구원서동,종로구가회동,0.2825155539780566
종로구이화동,종로구이화동,-0.0034870259230856
종로구혜화동,종로구혜화동,-1.2434153625809945
종로구홍지동,종로구부암동,0.5050007040846434
종로구효자동,종로구청운효자동,0.4496058350370903
중구남산동2가,중구명동,0.203745184593411
중구쌍림동,중구광희동,0.3811257397934491
중구을지로6가,중구광희동,0.2569061409903865
중구필동3가,중구필동,0.007759898367027
서대문구미근동,서대문구충현동,-inf
성북구동선동1가,성북구동선동,-inf
성북구보문동1가,성북구보문동,-inf
영등포구문래동4가,영등포구문래동,-inf
종로구견지동,종로구종로1.2.3.4가동,-inf
종로구교북동,종로구교남동,-inf
종로구낙원동,종로구종로1.2.3.4가동,-inf
종로구수송동,종로구종로1.2.3.4가동,-inf
종로구통인동,종로구청운효자동,-inf
중구남대문로5가,중구회현동,-inf
중구필동1가,중구필동,-inf
서대문구대신동,서대문구신촌동,-inf
서대문구봉원동,서대문구신촌동,-inf
서대문구신촌동,서대문구신촌동,-inf
서초구염곡동,서초구내곡동,-inf
영등포구문래동1가,영등포구문래동,-inf
용산구용산동3가,용산구한강로동,-inf
종로구관수동,종로구종로1.2.3.4가동,-inf
종로구누하동,종로구청운효자동,-inf
종로구명륜4가,종로구혜화동,-inf
종로구체부동,종로구사직동,-inf
중구광희동2가,중구광희동,-inf
중구필동2가,중구필동,-inf
